"RecordedDate","LocationLatitude","LocationLongitude","UserLanguage","occ","occ_3_TEXT","Q52_Page_Submit","Q53_Page_Submit","mani_1","mani_2","mani_3","quit_1","quit_2","quit_3","finsit_1","finsit_2","year_1","month_1","found","coown","indu","indu_7_TEXT","locat","age_1","gender","edu","edu_6_TEXT","exp_cond","year","month","t1timebuiss","ID"
2021-04-09,"51.4828033447265625","11.9799041748046875","EN",2,"",NA,NA,2,3,NA,3,2,3,2,2,3,5,1,1,3,"",2,3,2,2,"",2,2019,"May",709,1
2021-04-09,"51.4828033447265625","11.9799041748046875","EN",2,"",NA,NA,5,4,4,4,5,4,4,3,2,3,1,1,2,"",3,7,2,1,"",2,2020,"Mar",404,2
2021-05-03,"51.4828033447265625","11.9799041748046875","EN",1,"",NA,NA,4,3,4,4,4,4,3,3,3,3,1,2,3,"",16,4,2,2,"",2,2019,"Mar",794,3
2021-05-03,"51.345306396484375","1.3791046142578125","EN",2,"",NA,NA,5,5,5,5,4,4,2,2,12,9,1,1,3,"",185,30,2,4,"",2,2010,"Sep",3897,4
2021-05-03,"51.502593994140625","-0.0659942626953125","EN",1,"",NA,NA,1,1,1,2,2,2,5,5,11,1,1,1,7,"Music/Education",185,22,2,4,"",1,2011,"Jan",3775,5
2021-05-03,"50.8166961669921875","-1.233306884765625","EN",1,"",NA,NA,2,1,1,1,1,1,2,2,9,8,1,1,4,"",185,34,2,3,"",1,2013,"Aug",2832,6
2021-05-03,"50.834503173828125","-0.186004638671875","EN",2,"",NA,NA,2,1,2,2,1,1,4,4,8,12,1,1,3,"",185,22,2,4,"",1,2014,"Dec",2345,7
2021-05-03,"51.8372955322265625","0.8173980712890625","EN",1,"",NA,NA,3,2,1,2,2,1,2,2,25,3,1,2,2,"",185,37,2,3,"",1,1997,"Mar",8829,8
2021-05-03,"50.8428955078125","-0.1157989501953125","EN",1,"",NA,NA,2,1,2,1,2,3,1,2,8,6,1,1,7,"Art & Media",185,13,1,3,"",1,2014,"Jun",2528,9
2021-05-03,"53.7541961669921875","-2.8300933837890625","EN",1,"",NA,NA,1,1,1,1,1,1,2,1,29,8,1,1,2,"",185,34,2,3,"",1,1993,"Aug",10137,10
2021-05-03,"52.69830322265625","-3.1656951904296875","EN",1,"",NA,NA,3,2,2,1,1,1,5,5,5,6,1,1,1,"",185,9,2,4,"",1,2017,"Jun",1432,11
2021-05-03,"53.4425048828125","-2.4232025146484375","EN",1,"",NA,NA,4,5,4,3,4,2,4,4,2,3,1,1,4,"",185,19,1,2,"",2,2020,"Mar",428,12
2021-05-03,"50.8428955078125","-0.1157989501953125","EN",1,"",NA,NA,4,5,5,2,2,1,4,5,8,5,1,1,2,"",185,15,1,4,"",2,2014,"May",2559,13
2021-05-03,"52.526397705078125","-1.092193603515625","EN",2,"",NA,NA,2,1,1,1,1,4,4,4,2,8,1,2,4,"",185,3,2,3,"",1,2020,"Aug",275,14
2021-05-03,"53.6875","-1.6262969970703125","EN",1,"",NA,NA,5,5,5,5,5,5,5,5,19,3,1,1,7,"Entertainment",185,43,1,2,"",2,2003,"Mar",6638,15
2021-05-03,"51.49859619140625","0.044097900390625","EN",1,"",NA,NA,2,2,2,4,4,4,1,2,3,9,1,1,2,"",185,9,2,3,"",1,2019,"Sep",610,16
2021-05-03,"51.49639892578125","-0.122406005859375","EN",1,"",NA,NA,4,1,2,4,4,3,3,2,25,8,1,1,1,"",185,40,1,3,"",1,1997,"Aug",8676,17
2021-05-03,"51.4535064697265625","-2.591705322265625","EN",1,"",NA,NA,4,5,5,4,4,2,4,5,7,2,1,1,2,"",185,25,2,4,"",2,2015,"Feb",2283,18
2021-05-03,"51.5384063720703125","-0.03900146484375","EN",1,"",NA,NA,5,5,5,4,4,4,5,5,7,7,1,2,3,"",185,41,2,4,"",2,2015,"Jul",2133,19
2021-05-03,"53.09820556640625","-1.44000244140625","EN",1,"",NA,NA,3,1,1,1,1,1,2,1,7,1,1,1,3,"",185,37,2,2,"",1,2015,"Jan",2314,20
2021-05-03,"55.831207275390625","-4.276702880859375","EN",1,"",NA,NA,5,5,5,2,3,2,4,5,8,5,1,1,3,"",185,45,2,4,"",2,2014,"May",2559,21
2021-05-03,"51.49859619140625","0.044097900390625","EN",2,"",NA,NA,5,5,5,4,4,3,3,4,12,12,1,1,3,"",185,33,2,2,"",2,2010,"Dec",3806,22
2021-05-03,"53.822601318359375","-1.5679931640625","EN",2,"",NA,NA,3,1,1,1,1,1,2,4,7,6,1,1,7,"beauty industry",185,3,2,2,"",1,2015,"Jun",2163,23
2021-05-03,"51.44830322265625","-0.1383056640625","EN",1,"",NA,NA,5,4,5,3,3,3,4,4,4,5,1,1,5,"",185,6,1,4,"",2,2018,"May",1098,24
2021-05-03,"50.916900634765625","-1.4219970703125","EN",2,"",NA,NA,3,1,1,1,1,1,2,1,2,7,1,1,3,"",185,11,1,2,"",1,2020,"Jul",306,25
2021-05-03,"51.2104949951171875","-1.5001068115234375","EN",1,"",NA,NA,5,5,5,2,2,2,2,5,12,6,1,1,7,"beauty",185,35,2,3,"",2,2010,"Jun",3989,26
2021-05-03,"52.471893310546875","1.4745025634765625","EN",1,"",NA,NA,5,3,5,2,3,3,1,4,42,3,1,2,2,"",185,50,2,2,"",1,1980,"Mar",15038,27
2021-05-03,"50.7333984375","-1.9246063232421875","EN",1,"",NA,NA,2,1,1,1,1,1,2,1,1,1,1,1,3,"",185,48,2,4,"",1,2021,"Jan",122,28
2021-05-03,"51.553802490234375","-0.3101959228515625","EN",2,"",NA,NA,2,1,2,1,1,1,1,2,4,9,1,1,1,"",185,16,2,4,"",1,2018,"Sep",975,29
2021-05-03,"51.553802490234375","-0.3101959228515625","EN",1,"",NA,NA,5,5,5,2,2,2,1,2,4,4,1,1,7,"marketing",185,18,1,4,"",2,2018,"Apr",1128,30
2021-05-03,"51.441192626953125","-0.1833038330078125","EN",2,"",NA,NA,3,3,3,2,2,2,2,2,2,12,1,1,3,"",185,11,1,4,"",1,2020,"Dec",153,31
2021-05-03,"51.329498291015625","0.5780029296875","EN",2,"",NA,NA,3,1,1,1,1,1,1,1,22,6,1,1,2,"",185,40,1,3,"",1,2000,"Jun",7641,32
2021-05-03,"51.309295654296875","0.37030029296875","EN",1,"",NA,NA,2,2,1,1,1,1,4,5,10,2,1,2,1,"",185,24,2,4,"",1,2012,"Feb",3379,33
2021-05-03,"51.497100830078125","-0.1226043701171875","EN",2,"",NA,NA,4,5,5,2,3,2,4,4,3,11,1,2,1,"",185,9,2,4,"",2,2019,"Nov",549,34
2021-05-03,"54.9001007080078125","-1.4210968017578125","EN",1,"",NA,NA,3,5,5,4,4,5,2,5,2,2,1,1,4,"",185,11,2,4,"",2,2020,"Feb",457,35
2021-05-03,"50.3679962158203125","-4.132904052734375","EN",1,"",NA,NA,1,1,1,1,1,1,1,1,12,4,1,1,1,"",185,41,2,4,"",1,2010,"Apr",4050,36
2021-05-03,"48.195098876953125","16.348297119140625","EN",1,"",NA,NA,5,5,5,4,3,2,1,2,21,7,1,1,7,"Language services",10,32,2,4,"",2,2001,"Jul",7246,37
2021-05-03,"51.0883026123046875","-2.5641937255859375","EN",2,"",NA,NA,5,5,5,2,4,2,2,5,6,11,1,1,3,"",185,48,1,4,"",2,2016,"Nov",1644,38
2021-05-03,"53.2498016357421875","-0.511505126953125","EN",1,"",NA,NA,5,5,5,5,4,4,2,4,11,5,1,1,4,"",185,48,2,4,"",2,2011,"May",3655,39
2021-05-03,"51.553802490234375","-0.3101959228515625","EN",2,"",NA,NA,5,5,5,5,4,4,2,3,5,12,1,1,7,"Marketing",185,14,2,4,"",2,2017,"Dec",1249,40
2021-05-03,"51.454193115234375","-1.9806060791015625","EN",1,"",NA,NA,5,5,5,3,2,2,3,5,23,10,1,1,2,"",185,35,2,3,"",2,1999,"Oct",7885,41
2021-05-03,"51.9474029541015625","0.1356048583984375","EN",1,"",NA,NA,2,1,1,1,1,1,2,4,25,9,1,1,7,"Arts",185,44,2,4,"",1,1997,"Sep",8645,42
2021-05-03,"51.864593505859375","-4.263397216796875","EN",2,"",NA,NA,1,1,1,1,1,1,1,2,21,1,1,1,5,"",185,47,1,2,"",1,2001,"Jan",7427,43
2021-05-03,"51.410797119140625","-0.6753997802734375","EN",1,"",NA,NA,5,5,5,2,2,2,2,2,5,7,1,2,2,"",185,32,2,3,"",2,2017,"Jul",1402,44
2021-05-03,"52.9452972412109375","-1.49530029296875","EN",1,"",NA,NA,5,5,5,1,1,1,4,4,3,4,1,1,2,"",185,25,1,4,"",2,2019,"Apr",763,45
2021-05-03,"52.0113067626953125","-3.794097900390625","EN",2,"",NA,NA,5,5,5,2,3,3,4,4,7,4,1,1,1,"",185,20,1,4,"",2,2015,"Apr",2224,46
2021-05-03,"51.8166961669921875","-0.814605712890625","EN",1,"",NA,NA,3,1,1,1,1,1,1,1,2,4,1,1,7,"Craft",185,44,2,2,"",1,2020,"Apr",397,47
2021-05-03,"50.92059326171875","-3.5850067138671875","EN",1,"",NA,NA,5,5,5,3,4,2,4,5,28,7,1,1,7,"hand made, textile design",185,43,2,2,"",2,1994,"Jul",9803,48
2021-05-03,"52.5352935791015625","13.42449951171875","EN",1,"",NA,22.22,4,4,4,2,3,3,4,3,3,3,1,1,1,"",2,3,2,3,"",2,2019,"Mar",794,49
2021-05-05,"53.3820037841796875","-2.2541961669921875","EN",2,"",20.816,NA,4,1,1,2,2,1,2,2,3,1,1,1,4,"",185,15,2,2,"",1,2019,"Jan",855,50
2021-05-05,"51.3925933837890625","1.40460205078125","EN",2,"",NA,26.763,4,5,5,4,2,1,2,4,2,4,1,1,7,"Fitness influencer and online coach",185,3,2,2,"",2,2020,"Apr",399,51
2021-05-05,"51.514495849609375","0.0706024169921875","EN",1,"",NA,41.856,5,5,5,2,4,2,2,1,5,5,1,2,2,"",185,22,1,4,"",2,2017,"May",1465,53
2021-05-05,"53.460601806640625","-2.2572021484375","EN",2,"",NA,21.116,5,5,5,4,3,3,3,5,3,1,1,1,7,"Events",185,16,1,4,"",2,2019,"Jan",855,54
2021-05-05,"52.7563934326171875","-2.07269287109375","EN",2,"",NA,23.334,5,5,5,4,4,4,5,5,8,7,1,1,7,"Entertainment",185,27,2,5,"",2,2014,"Jul",2500,55
2021-05-05,"51.653900146484375","-0.08880615234375","EN",2,"",NA,21.996,5,5,5,4,4,4,2,4,4,5,1,1,4,"",185,4,2,4,"",2,2018,"May",1100,56
2021-05-05,"53.2563934326171875","-0.0626983642578125","EN",1,"",35.498,NA,2,1,1,1,1,1,4,5,7,7,1,1,4,"",185,25,1,6,"Trade training",1,2015,"Jul",2135,57
2021-05-05,"50.8450927734375","-0.938995361328125","EN",1,"",23.561,NA,3,1,2,1,1,1,4,4,7,6,1,1,1,"",185,4,2,4,"",1,2015,"Jun",2165,58
2021-05-05,"53.8195037841796875","-1.6060028076171875","EN",1,"",NA,21.726,5,5,5,4,4,4,5,5,3,10,1,1,1,"",185,8,2,2,"",2,2019,"Oct",582,60
2021-05-05,"52.6493988037109375","-1.12030029296875","EN",1,"",21.187,NA,1,1,1,1,1,1,4,4,4,9,1,2,1,"",185,15,1,4,"",1,2018,"Sep",977,62
2021-05-05,"53.8119049072265625","-3.0225982666015625","EN",1,"",21.575,NA,4,2,2,1,1,1,4,4,4,1,1,2,4,"",185,14,2,4,"",1,2018,"Jan",1220,63
2021-05-05,"52.6280975341796875","1.28619384765625","EN",1,"",21.91,NA,4,1,1,2,2,2,2,2,5,8,1,1,3,"",185,22,2,4,"",1,2017,"Aug",1373,64
2021-05-05,"51.5518035888671875","-0.1345062255859375","EN",2,"",NA,26.812,5,5,5,5,4,4,1,2,5,9,1,1,3,"",185,13,2,4,"",2,2017,"Sep",1342,65
2021-05-05,"51.45660400390625","-0.9680023193359375","EN",1,"",NA,118.454,5,5,5,1,4,2,3,5,4,12,1,1,7,"Teaching",185,30,1,3,"",2,2018,"Dec",886,66
2021-05-05,"51.400299072265625","0.5290985107421875","EN",1,"",21.122,NA,2,1,1,1,1,1,2,1,35,10,1,2,7,"Engineering",185,42,2,3,"",1,1987,"Oct",12270,67
2021-05-05,"54.640106201171875","-1.2335968017578125","EN",1,"",NA,21.952,5,5,5,2,4,2,4,5,8,3,1,1,7,"art",185,36,2,2,"",2,2014,"Mar",2622,68
2021-05-05,"51.579193115234375","0.0240936279296875","EN",2,"",24.754,NA,3,1,1,1,2,2,4,3,12,8,1,2,7,"Fashion",185,8,1,4,"",1,2010,"Aug",3930,69
2021-05-05,"52.193206787109375","0.1425933837890625","EN",2,"",26.375,NA,1,1,1,1,3,2,2,2,3,6,1,2,4,"",185,9,1,5,"",1,2019,"Jun",704,70
2021-05-05,"53.4579925537109375","-6.2178955078125","EN",2,"",24.199,NA,2,1,1,1,1,1,5,5,5,6,1,2,1,"",82,26,1,4,"",1,2017,"Jun",1434,71
2021-05-05,"51.49639892578125","-0.122406005859375","EN",2,"",NA,23.058,5,4,4,4,4,4,2,4,7,4,1,2,4,"",185,19,1,4,"",2,2015,"Apr",2226,72
2021-05-05,"54.885894775390625","-2.914794921875","EN",1,"",NA,42.63,3,4,4,3,2,2,1,2,5,7,1,1,7,"Legal",185,18,2,5,"",2,2017,"Jul",1404,73
2021-05-05,"52.6260986328125","1.30340576171875","EN",1,"",34.013,NA,2,1,1,1,1,1,4,5,23,8,1,1,2,"",185,36,1,3,"",1,1999,"Aug",7948,74
2021-05-05,"51.49639892578125","-0.122406005859375","EN",1,"",29.008,NA,1,1,1,1,1,1,4,4,7,4,1,1,7,"3D Content Creator",185,38,2,2,"",1,2015,"Apr",2226,75
2021-05-05,"51.5758056640625","-0.4248046875","EN",2,"",NA,24.157,4,5,5,2,4,2,4,4,2,5,1,1,7,"cosmetic",185,1,2,2,"",2,2020,"May",369,76
2021-05-05,"52.976898193359375","-0.398895263671875","EN",1,"",21.041,NA,5,1,1,1,1,1,1,1,7,10,1,1,1,"",185,18,2,4,"",1,2015,"Oct",2043,77
2021-05-05,"51.387298583984375","-0.15960693359375","EN",1,"",NA,33.182,5,4,5,2,4,4,2,4,11,10,1,2,4,"",185,41,2,4,"",2,2011,"Oct",3504,78
2021-05-05,"52.4145050048828125","-1.7841033935546875","EN",2,"",32.162,NA,2,1,1,2,2,2,4,4,8,1,1,2,4,"",185,20,1,2,"",1,2014,"Jan",2681,79
2021-05-05,"52.5673980712890625","-2.033294677734375","EN",1,"",22.165,NA,3,1,1,1,1,1,1,5,5,12,1,1,7,"Hospitality events & catering",185,28,2,4,"",1,2017,"Dec",1251,80
2021-05-05,"53.957305908203125","-1.0836944580078125","EN",2,"",NA,31.144,5,5,5,4,2,4,3,3,9,7,1,1,3,"",185,44,2,5,"",2,2013,"Jul",2865,81
2021-05-05,"51.49639892578125","-0.122406005859375","EN",2,"",NA,30.752,3,5,5,1,3,2,1,1,20,10,1,1,2,"",185,22,2,4,"",2,2002,"Oct",6791,82
2021-05-05,"52.9875030517578125","-2.1802978515625","EN",1,"",30.84,NA,2,1,1,1,1,1,3,2,2,11,1,2,7,"Design",185,12,1,3,"",1,2020,"Nov",185,83
2021-05-05,"45.3972930908203125","-75.68830108642578125","EN",2,"",21.601,NA,2,1,1,1,1,2,1,1,7,5,1,2,5,"",31,17,1,5,"",1,2015,"May",2196,84
2021-05-05,"51.4770965576171875","-2.5531005859375","EN",2,"",NA,34.185,5,4,5,2,2,2,5,2,1,4,1,1,4,"",185,12,2,4,"",2,2021,"Apr",34,85
2021-05-05,"51.49639892578125","-0.122406005859375","EN",2,"",51.78,NA,1,1,1,1,1,1,4,3,2,4,1,1,5,"",185,6,1,4,"",1,2020,"Apr",399,86
2021-05-05,"51.7118072509765625","-0.4676055908203125","EN",1,"",23.847,NA,2,1,1,1,1,1,4,5,2,7,1,1,7,"Photography",185,14,2,4,"",1,2020,"Jul",308,87
2021-05-05,"52.159698486328125","-0.4990997314453125","EN",2,"",NA,25.975,5,5,5,4,4,5,2,4,7,5,1,1,7,"Social Media and PR",185,17,2,4,"",2,2015,"May",2196,88
2021-05-05,"55.002105712890625","-1.628692626953125","EN",1,"",NA,22.714,5,4,4,5,3,3,2,3,3,3,1,1,4,"",185,19,1,4,"",2,2019,"Mar",796,89
2021-05-05,"55.83929443359375","-4.2891998291015625","EN",1,"",20.719,NA,2,2,2,2,1,1,3,2,2,7,1,1,3,"",185,7,2,4,"",1,2020,"Jul",308,90
2021-05-05,"51.6551971435546875","-0.3878936767578125","EN",2,"",24.522,NA,4,1,1,1,1,2,4,4,3,1,1,1,7," Arts",185,9,1,4,"",1,2019,"Jan",855,91
2021-05-05,"55.066192626953125","-1.5554046630859375","EN",1,"",22.059,NA,1,1,1,1,1,1,3,1,8,11,1,1,7,"Psychotherapy",185,47,2,5,"",1,2014,"Nov",2377,92
2021-05-05,"51.358001708984375","-0.8520965576171875","EN",1,"",NA,22.89,5,5,5,4,4,3,3,1,12,4,1,2,4,"",185,30,2,2,"",2,2010,"Apr",4052,93
2021-05-05,"52.95379638671875","-1.1571044921875","EN",2,"",42.918,NA,2,1,1,1,1,2,4,4,3,10,1,1,4,"",185,2,2,2,"",1,2019,"Oct",582,94
2021-05-05,"52.2834930419921875","-0.8950958251953125","EN",2,"",NA,24.669,2,5,5,5,4,5,1,1,3,8,1,1,2,"",185,16,2,4,"",2,2019,"Aug",643,95
2021-05-05,"51.4770050048828125","-0.1959075927734375","EN",1,"",NA,22.173,5,5,5,3,3,3,2,2,16,4,1,1,3,"",185,33,2,4,"",2,2006,"Apr",5513,96
2021-05-05,"51.5095062255859375","-0.0955047607421875","EN",2,"",20.709,NA,4,1,1,1,1,1,2,1,3,1,1,1,1,"",185,5,2,4,"",1,2019,"Jan",855,97
2021-05-05,"52.61810302734375","-1.1804046630859375","EN",2,"",NA,22.601,5,5,5,5,4,3,2,4,7,4,1,1,3,"",185,13,2,4,"",2,2015,"Apr",2226,98
2021-05-05,"58.22479248046875","26.4156036376953125","EN",1,"",21.409,NA,2,1,1,1,1,1,5,4,7,9,1,1,1,"",57,21,1,3,"",1,2015,"Sep",2073,99
2021-05-05,"52.58740234375","-2.13800048828125","EN",1,"",NA,26.453,5,5,5,5,5,4,4,5,4,1,1,1,7,"Entertainment and Sales",185,6,2,3,"",2,2018,"Jan",1220,100
2021-05-05,"54.931304931640625","-1.5854949951171875","EN",1,"",23.092,NA,1,1,1,2,1,1,4,4,8,6,1,1,1,"",185,22,1,5,"",1,2014,"Jun",2530,101
2021-05-05,"51.6056060791015625","0.0124053955078125","EN",1,"",23.755,NA,3,1,1,3,1,1,4,5,9,4,1,1,4,"",185,40,2,3,"",1,2013,"Apr",2956,102
2021-05-05,"52.6334075927734375","-1.9329071044921875","EN",1,"",NA,34.132,5,5,5,5,5,5,3,4,3,7,1,1,1,"",185,7,1,3,"",2,2019,"Jul",674,103
2021-05-05,"55.399505615234375","-1.5928955078125","EN",1,"",43.926,NA,1,1,1,1,1,1,4,5,6,6,1,2,4,"",185,23,2,4,"",1,2016,"Jun",1799,104
2021-05-05,"53.4971923828125","-1.1808013916015625","EN",1,"",NA,23.741,4,4,5,1,2,1,2,4,14,2,1,1,1,"",185,16,1,4,"",2,2008,"Feb",4842,105
2021-05-05,"51.523895263671875","0.5764007568359375","EN",1,"",22.164,NA,2,1,1,1,1,1,2,4,11,5,1,1,7,"entertainment",185,39,1,2,"",1,2011,"May",3657,107
2021-05-05,"52.460601806640625","-1.923797607421875","EN",1,"",NA,22.319,4,4,5,3,2,2,2,3,2,1,1,1,4,"",185,5,2,4,"",2,2020,"Jan",490,108
2021-05-05,"53.3553009033203125","-1.56329345703125","EN",1,"",NA,40.717,5,5,5,4,4,4,2,4,11,4,1,2,7,"Services",185,16,1,4,"",2,2011,"Apr",3687,109
2021-05-05,"52.3325042724609375","-0.1844024658203125","EN",1,"",22.003,NA,2,1,1,1,2,2,2,3,5,5,1,1,4,"",185,23,2,3,"",1,2017,"May",1465,110
2021-05-05,"50.9468994140625","-1.41119384765625","EN",1,"",184.356,NA,2,1,1,1,1,1,2,4,7,2,1,1,3,"",185,33,2,4,"",1,2015,"Feb",2285,111
2021-05-05,"53.4994049072265625","-2.2433013916015625","EN",2,"",25.69,NA,3,1,2,1,1,1,2,5,8,6,1,1,7,"art",185,16,2,5,"",1,2014,"Jun",2530,112
2021-05-05,"51.5095062255859375","-0.0955047607421875","EN",1,"",NA,38.69,5,5,5,2,2,1,5,5,2,3,1,1,3,"",185,40,2,4,"",2,2020,"Mar",430,113
2021-05-05,"53.44769287109375","-1.204498291015625","EN",2,"",21.337,NA,1,1,1,1,1,1,2,2,9,5,1,1,1,"",185,11,2,2,"",1,2013,"May",2926,115
2021-05-05,"51.5095062255859375","-0.0955047607421875","EN",2,"",21.867,NA,1,1,1,1,4,4,4,5,3,7,1,2,3,"",185,16,1,4,"",1,2019,"Jul",674,116
2021-05-05,"52.585205078125","-0.235992431640625","EN",1,"",NA,28.483,3,4,4,2,2,2,1,2,25,6,1,2,6,"",185,32,2,2,"",2,1997,"Jun",8739,117
2021-05-05,"51.79510498046875","-0.18670654296875","EN",1,"",NA,51.268,5,5,5,4,4,4,1,2,14,6,1,1,3,"",185,27,2,4,"",2,2008,"Jun",4721,118
2021-05-05,"51.527801513671875","-0.4842987060546875","EN",2,"",31.369,NA,1,1,1,1,1,1,4,4,9,9,1,1,3,"",185,20,2,4,"",1,2013,"Sep",2803,119
2021-05-05,"53.25579833984375","-1.42919921875","EN",2,"",NA,38.442,4,5,5,1,1,1,2,2,5,9,1,2,4,"",185,19,2,3,"",2,2017,"Sep",1342,120
2021-05-05,"52.5319976806640625","-1.81500244140625","EN",2,"",NA,27.589,5,5,5,4,4,3,1,2,1,1,1,1,4,"",185,15,2,4,"",2,2021,"Jan",124,121
2021-05-05,"51.291107177734375","-1.05279541015625","EN",1,"",NA,24.914,4,4,5,4,4,2,2,4,5,5,1,1,7,"beauty",185,13,2,2,"",2,2017,"May",1465,122
2021-05-05,"51.5189056396484375","-0.092193603515625","EN",1,"",25.443,NA,3,2,2,2,3,3,5,5,18,8,1,1,1,"",185,28,2,4,"",1,2004,"Aug",6121,123
2021-05-05,"51.106597900390625","-4.164306640625","EN",1,"",21.629,NA,1,1,1,1,1,1,1,1,1,2,1,1,5,"",185,40,1,2,"",1,2021,"Feb",93,124
2021-05-05,"53.48590087890625","-2.7411956787109375","EN",2,"",23.219,NA,3,1,1,1,1,1,4,4,6,2,1,2,4,"",185,26,2,4,"",1,2016,"Feb",1920,125
2021-05-05,"55.002105712890625","-1.628692626953125","EN",1,"",NA,21.6,4,5,5,4,3,3,2,4,42,7,1,1,6,"",185,42,1,3,"",2,1980,"Jul",14918,126
2021-05-05,"54.1212005615234375","-3.194305419921875","EN",1,"",NA,44.356,5,5,5,5,5,5,4,5,13,4,1,2,7,"hospitality",185,20,2,4,"",2,2009,"Apr",4417,127
2021-05-05,"51.57879638671875","-0.123504638671875","EN",2,"",NA,23.078,5,5,5,4,4,4,1,5,12,10,1,1,3,"",185,16,1,4,"",2,2010,"Oct",3869,128
2021-05-05,"51.57470703125","-1.7823028564453125","EN",1,"",21.345,NA,3,1,1,1,2,1,4,5,2,1,1,2,7,"fitness",185,24,2,3,"",1,2020,"Jan",490,129
2021-05-05,"51.4535064697265625","-2.591705322265625","EN",1,"",NA,22.341,5,5,5,4,3,2,1,1,22,4,1,2,1,"",185,26,2,4,"",2,2000,"Apr",7704,130
2021-05-05,"51.9123992919921875","-0.3845977783203125","EN",2,"",130.327,NA,2,1,1,1,1,1,2,2,4,1,1,1,7,"Events",185,16,2,4,"",1,2018,"Jan",1220,131
2021-05-05,"51.4770965576171875","-2.5531005859375","EN",2,"",NA,22.071,5,5,5,4,2,2,4,4,2,8,1,2,3,"",185,9,2,4,"",2,2020,"Aug",277,132
2021-05-05,"52.463592529296875","-1.79119873046875","EN",1,"",28.951,NA,1,1,1,1,1,1,1,1,5,7,1,1,7,"Animal Care",185,25,2,3,"",1,2017,"Jul",1404,133
2021-05-05,"52.061798095703125","-1.3428955078125","EN",1,"",25.89,NA,3,1,1,1,1,1,2,4,31,4,1,1,5,"",185,13,1,4,"",1,1991,"Apr",10992,134
2021-05-05,"55.016693115234375","-6.6667022705078125","EN",1,"",NA,21.86,4,5,5,4,4,4,4,4,5,8,1,2,7,"services",185,14,2,5,"",2,2017,"Aug",1373,135
2021-05-05,"51.4770965576171875","-2.5531005859375","EN",1,"",23.918,NA,3,3,4,2,3,2,2,2,2,4,1,1,7,"Art",185,4,2,4,"",1,2020,"Apr",399,136
2021-05-05,"53.37939453125","-2.91119384765625","EN",1,"",22.963,NA,2,1,1,1,1,2,1,4,17,6,1,1,1,"",185,43,1,6,"Masters Degree",1,2005,"Jun",5817,137
2021-05-05,"51.453399658203125","-2.5077056884765625","EN",1,"",26.536,NA,1,1,1,1,1,1,1,4,32,1,1,1,3,"",185,44,2,3,"",1,1990,"Jan",11447,138
2021-05-05,"56.117401123046875","-3.5345001220703125","EN",2,"",NA,38.957,5,4,4,4,3,2,4,3,10,4,1,1,7,"Arts",185,23,1,4,"",2,2012,"Apr",3321,139
2021-05-05,"51.3488006591796875","-0.0321044921875","EN",1,"",36.481,NA,2,1,1,1,1,1,2,4,27,6,1,1,7,"services",185,46,1,3,"",1,1995,"Jun",9470,140
2021-05-05,"50.3679962158203125","-4.132904052734375","EN",2,"",NA,34.196,5,5,5,4,4,4,4,5,7,9,1,1,4,"",185,31,1,2,"",2,2015,"Sep",2073,141
2021-05-05,"50.8612060546875","-0.1194000244140625","EN",1,"",NA,26.398,5,4,5,4,2,4,1,4,8,1,1,1,3,"",185,24,2,4,"",2,2014,"Jan",2681,142
2021-05-05,"52.95379638671875","-1.1571044921875","EN",1,"",NA,21.269,4,4,3,1,1,1,2,4,19,6,1,1,1,"",185,34,1,4,"",2,2003,"Jun",6548,143
2021-05-05,"55.9552001953125","-3.1999969482421875","EN",1,"",NA,36.916,3,4,5,3,4,3,3,4,27,6,1,1,7,"home services",185,35,2,2,"",2,1995,"Jun",9470,144
2021-05-05,"50.448394775390625","-4.2660064697265625","EN",1,"",NA,22.994,4,4,4,2,3,3,3,4,11,6,1,1,3,"",185,24,2,4,"",2,2011,"Jun",3626,145
2021-05-05,"51.48919677734375","-0.027496337890625","EN",1,"",NA,49.578,5,4,4,2,3,2,3,5,9,8,1,1,4,"",185,36,1,4,"",2,2013,"Aug",2834,146
2021-05-05,"51.5063934326171875","-0.0200042724609375","EN",1,"",NA,25.313,5,5,5,4,4,4,1,4,2,10,1,1,2,"",185,12,1,4,"",2,2020,"Oct",216,147
2021-05-05,"51.9322052001953125","-0.4568023681640625","EN",2,"",NA,24.791,5,5,5,4,5,4,4,3,15,7,1,1,1,"",185,23,1,4,"",2,2007,"Jul",5057,148
2021-05-05,"51.07000732421875","-1.7978973388671875","EN",1,"",27.056,NA,2,1,1,1,1,1,1,1,9,9,1,1,7,"pet services",185,32,2,4,"",1,2013,"Sep",2803,149
2021-05-05,"52.44769287109375","-1.8907012939453125","EN",2,"",NA,22.675,2,5,5,5,4,5,3,1,13,6,1,1,1,"",185,30,1,6,"Master of Science by Research",2,2009,"Jun",4356,150
2021-05-05,"51.3303985595703125","-0.26800537109375","EN",1,"",21.163,NA,2,1,1,4,1,4,3,5,27,4,1,1,1,"",185,36,2,5,"",1,1995,"Apr",9531,151
2021-05-05,"51.4098052978515625","-0.02490234375","EN",1,"",NA,42.144,4,5,5,4,2,4,2,2,16,6,1,2,1,"",185,54,1,2,"",2,2006,"Jun",5452,152
2021-05-05,"52.8079986572265625","-2.1118011474609375","EN",2,"",25.225,NA,4,4,4,4,2,2,4,5,6,5,1,1,1,"",185,40,2,3,"",1,2016,"May",1830,153
2021-05-05,"51.9322052001953125","-0.4568023681640625","EN",2,"",NA,26.296,4,5,5,4,4,4,3,2,2,8,1,1,7,"Balloon gifts",185,11,2,2,"",2,2020,"Aug",277,154
2021-05-05,"28.52740478515625","-81.6011962890625","EN",2,"",NA,20.816,5,5,5,2,4,4,5,5,9,11,1,2,1,"",187,11,1,4,"",2,2013,"Nov",2742,155
2021-05-05,"50.4380950927734375","-4.0829925537109375","EN",2,"",26.019,NA,1,1,1,1,2,2,2,2,4,4,1,2,4,"",185,21,2,4,"",1,2018,"Apr",1130,156
2021-05-05,"52.768096923828125","-1.202606201171875","EN",1,"",27.186,NA,4,1,1,1,1,1,2,2,4,3,1,1,3,"",185,41,2,2,"",1,2018,"Mar",1161,157
2021-05-05,"54.9882049560546875","-3.2653045654296875","EN",1,"",NA,30.86,5,5,5,4,3,3,1,1,2,4,1,1,7,"Education",185,10,2,2,"",2,2020,"Apr",399,158
2021-05-05,"52.4355926513671875","1.326507568359375","EN",1,"",64.188,NA,3,1,1,1,2,2,5,5,9,7,1,2,1,"",185,22,2,2,"",1,2013,"Jul",2865,159
2021-05-05,"51.47430419921875","-0.092803955078125","EN",2,"",NA,21.709,4,5,5,4,4,5,2,1,3,10,1,1,3,"",185,6,1,4,"",2,2019,"Oct",582,160
2021-05-05,"51.8701934814453125","0.900604248046875","EN",1,"",21.581,NA,5,1,2,1,1,2,4,4,3,5,1,1,7,"Hospitality",185,21,2,4,"",1,2019,"May",735,161
2021-05-05,"51.546600341796875","-0.123199462890625","EN",2,"",NA,29.442,4,5,5,5,4,4,4,5,14,4,1,1,2,"",185,44,1,4,"",2,2008,"Apr",4782,162
2021-05-05,"51.47430419921875","-0.092803955078125","EN",1,"",30.998,NA,2,1,1,1,1,2,4,4,4,10,1,1,4,"",185,45,1,4,"",1,2018,"Oct",947,163
2021-05-05,"51.7655029296875","-0.4481964111328125","EN",1,"",163.159,NA,4,1,1,1,1,1,3,3,12,9,1,1,7,"Personal services",185,17,2,4,"",1,2010,"Sep",3899,164
2021-05-05,"51.3227996826171875","-2.8993072509765625","EN",1,"",NA,30.21,5,5,5,1,1,1,3,4,3,4,1,1,1,"",185,39,1,4,"",2,2019,"Apr",765,165
2021-05-05,"55.899505615234375","-3.5236968994140625","EN",1,"",NA,28.458,5,5,5,4,4,4,3,4,16,11,1,1,7,"publishing",185,45,2,4,"",2,2006,"Nov",5299,166
2021-05-05,"51.546600341796875","-0.123199462890625","EN",2,"",219.972,NA,1,1,1,1,1,1,2,4,4,8,1,1,4,"",185,6,1,3,"",1,2018,"Aug",1008,167
2021-05-05,"51.7655029296875","-0.4481964111328125","EN",1,"",NA,32.286,5,5,5,1,1,1,4,2,12,4,1,1,2,"",185,29,1,4,"",2,2010,"Apr",4052,168
2021-05-05,"51.5095062255859375","-0.0955047607421875","EN",1,"",NA,23.28,5,5,5,4,4,3,2,4,6,10,1,1,3,"",163,16,1,4,"",2,2016,"Oct",1677,169
2021-05-05,"51.9123992919921875","-0.3845977783203125","EN",2,"",NA,57.839,5,5,5,5,5,4,1,2,3,11,1,1,2,"",185,5,1,6,"A-Level College Level (Post secondary before degree)",2,2019,"Nov",551,170
2021-05-05,"53.576202392578125","-0.739105224609375","EN",2,"",27.63,NA,4,2,2,2,2,2,4,5,6,10,1,1,7,"tertiary sector",185,24,1,2,"",1,2016,"Oct",1677,171
2021-05-05,"51.49639892578125","-0.122406005859375","EN",1,"",NA,22.027,4,5,5,2,3,2,4,5,8,2,1,1,3,"",185,31,2,4,"",2,2014,"Feb",2650,172
2021-05-05,"51.5507049560546875","-0.0536956787109375","EN",2,"",22.013,NA,3,1,2,2,2,1,2,4,7,2,1,2,1,"",185,10,1,4,"",1,2015,"Feb",2285,173
2021-05-05,"52.520599365234375","-1.9113006591796875","EN",2,"",NA,28.097,4,4,5,2,5,4,1,4,4,12,1,1,7,"Photography",185,7,2,4,"",2,2018,"Dec",886,174
2021-05-05,"54.5395965576171875","-5.975006103515625","EN",2,"",NA,51.251,5,5,5,4,4,4,4,5,2,1,1,1,4,"",185,9,2,2,"",2,2020,"Jan",490,175
2021-05-05,"53.701202392578125","-1.789398193359375","EN",1,"",26.798,NA,2,1,1,1,1,1,1,1,7,6,1,1,4,"",185,13,2,2,"",1,2015,"Jun",2165,176
2021-05-05,"51.5565032958984375","0.134002685546875","EN",2,"",NA,36.851,4,4,4,2,3,2,2,2,3,5,1,2,1,"",185,30,1,4,"",2,2019,"May",735,177
2021-05-05,"55.0167999267578125","-1.4510040283203125","EN",2,"",NA,24.886,5,5,5,4,4,3,3,5,2,11,1,1,7,"Exercise",185,8,2,5,"",2,2020,"Nov",185,178
2021-05-05,"50.19830322265625","-5.30279541015625","EN",1,"",21.936,NA,2,1,1,1,2,2,4,5,22,6,1,1,2,"",185,43,1,5,"",1,2000,"Jun",7643,179
2021-05-05,"53.944793701171875","-1.8795013427734375","EN",1,"",NA,26.071,5,4,5,4,5,5,4,4,10,12,1,2,2,"",185,30,2,4,"",2,2012,"Dec",3077,180
2021-05-05,"54.5395965576171875","-5.975006103515625","EN",1,"",22.555,NA,1,2,1,1,4,1,2,3,5,3,1,1,7,"Cleaning",185,24,2,3,"",1,2017,"Mar",1526,181
2021-05-05,"53.4833984375","-2.059600830078125","EN",2,"",21.857,NA,2,1,1,1,2,2,4,5,8,5,1,1,6,"",185,16,1,3,"",1,2014,"May",2561,182
2021-05-05,"40.417205810546875","-3.6840057373046875","EN",2,"",NA,20.818,4,3,4,3,2,2,1,1,8,5,1,1,1,"",185,9,1,4,"",2,2014,"May",2561,183
2021-05-05,"54.5709991455078125","-1.3159942626953125","EN",1,"",NA,59.383,4,5,5,5,5,4,3,4,4,2,1,1,4,"",185,16,2,4,"",2,2018,"Feb",1189,184
2021-05-05,"54.993499755859375","-2.118896484375","EN",1,"",42.373,NA,1,1,1,1,2,2,4,4,21,9,1,1,6,"",185,41,1,3,"",1,2001,"Sep",7186,186
2021-05-05,"53.7386016845703125","-2.9983062744140625","EN",1,"",21.473,NA,1,1,1,2,2,1,4,4,17,6,1,1,4,"",185,22,2,4,"",1,2005,"Jun",5817,187
2021-05-05,"51.3188018798828125","-2.203399658203125","EN",1,"",21.078,NA,1,1,1,1,1,1,1,2,4,4,1,1,7,"entertainment/betting",185,41,1,2,"",1,2018,"Apr",1130,188
2021-05-05,"51.781005859375","-0.1472015380859375","EN",2,"",NA,28.364,5,5,5,2,3,3,1,1,8,1,1,1,3,"",185,7,2,4,"",2,2014,"Jan",2681,189
2021-05-05,"54.87060546875","-2.9459991455078125","EN",1,"",22.077,NA,3,1,1,2,2,2,4,4,37,5,1,2,6,"",185,41,2,4,"",1,1985,"May",13153,190
2021-05-05,"54.5395965576171875","-5.975006103515625","EN",1,"",22.624,NA,3,1,1,1,1,1,1,1,8,9,1,2,1,"",185,18,2,4,"",1,2014,"Sep",2438,191
2021-05-05,"51.3280029296875","-0.4156951904296875","EN",1,"",25.087,NA,4,1,1,1,1,3,2,3,18,7,1,2,3,"",185,23,2,4,"",1,2004,"Jul",6152,194
2021-05-05,"53.7606048583984375","-0.3733978271484375","EN",1,"",21.482,NA,2,1,1,1,2,3,4,2,10,10,1,2,5,"",185,29,1,4,"",1,2012,"Oct",3138,195
2021-05-05,"54.5746002197265625","-1.1927032470703125","EN",1,"",NA,22.133,5,5,5,4,4,3,4,5,14,9,1,1,6,"",185,22,2,4,"",2,2008,"Sep",4629,196
2021-05-05,"51.453399658203125","-2.5077056884765625","EN",1,"",21.183,NA,3,1,1,1,1,1,5,5,12,6,1,1,7,"Events",185,15,1,3,"",1,2010,"Jun",3991,197
2021-05-05,"51.4340057373046875","0.348602294921875","EN",2,"",33.267,NA,2,1,1,1,1,1,4,4,6,4,1,1,4,"",185,12,2,4,"",1,2016,"Apr",1860,199
2021-05-05,"51.445098876953125","0.096405029296875","EN",1,"",22.047,NA,2,1,1,1,1,3,1,4,6,8,1,1,1,"",185,21,2,4,"",1,2016,"Aug",1738,200
2021-05-05,"52.9871063232421875","-1.0677032470703125","EN",1,"",30.892,NA,4,1,1,1,1,1,1,1,9,5,1,1,2,"",185,24,2,3,"",1,2013,"May",2926,202
2021-05-05,"52.7212066650390625","-2.74560546875","EN",2,"",26.095,NA,3,1,1,1,1,1,4,4,2,11,1,1,7,"Food",185,4,1,4,"",1,2020,"Nov",185,203
2021-05-05,"53.0749053955078125","-0.9553070068359375","EN",1,"",NA,69.554,2,4,4,2,2,2,2,2,10,10,1,1,1,"",185,33,1,4,"",2,2012,"Oct",3138,204
2021-05-05,"54.0771026611328125","-0.2306060791015625","EN",1,"",NA,29.453,5,5,5,5,4,5,4,5,4,1,1,1,3,"",185,21,1,4,"",2,2018,"Jan",1220,205
2021-05-05,"55.8802947998046875","-4.3054962158203125","EN",1,"",28.355,NA,2,1,1,1,1,1,3,4,3,5,1,1,7,"Training",185,28,2,4,"",1,2019,"May",735,206
2021-05-05,"51.486602783203125","-1.7570037841796875","EN",1,"",21.3,NA,3,2,2,1,1,1,1,2,26,7,1,1,1,"",185,7,1,3,"",1,1996,"Jul",9074,207
2021-05-05,"51.7993927001953125","-4.964599609375","EN",2,"",21.466,NA,4,2,1,1,1,1,4,4,4,1,1,1,4,"",185,28,2,4,"",1,2018,"Jan",1220,208
2021-05-05,"51.5323028564453125","0.7100982666015625","EN",2,"",21.876,NA,2,1,2,1,1,1,2,5,8,11,1,1,7,"Arts and Entertainment",185,17,1,4,"",1,2014,"Nov",2377,209
2021-05-05,"53.6537017822265625","-1.720794677734375","EN",1,"",20.97,NA,3,1,1,1,1,1,4,5,5,6,1,1,3,"",185,21,2,3,"",1,2017,"Jun",1434,210
2021-05-05,"51.3719940185546875","0.4539947509765625","EN",1,"",33.079,NA,4,1,1,1,1,2,2,2,3,2,1,1,7,"Gardening",185,43,1,3,"",1,2019,"Feb",824,211
2021-05-05,"51.54150390625","-0.0601043701171875","EN",1,"",42.847,NA,3,1,2,1,2,1,3,3,2,10,1,2,4,"",185,6,2,6,"Masters",1,2020,"Oct",216,212
2021-05-05,"50.7519073486328125","-1.87060546875","EN",2,"",24.435,NA,4,2,2,2,1,2,4,4,2,5,1,2,7,"Art",185,11,2,4,"",1,2020,"May",369,213
2021-05-05,"51.5435028076171875","-0.1732940673828125","EN",1,"",34.674,NA,2,1,1,1,1,1,1,1,2,1,1,1,3,"",185,11,2,6,"Masters degree",1,2020,"Jan",490,214
2021-05-05,"51.58880615234375","-0.0247039794921875","EN",1,"",NA,21.858,1,3,1,1,1,1,2,2,8,5,1,1,7,"wellness",185,26,2,4,"",2,2014,"May",2561,215
2021-05-05,"51.4279022216796875","0.3896026611328125","EN",1,"",NA,41.25,5,5,5,3,3,3,2,4,9,4,1,1,4,"",185,34,2,2,"",2,2013,"Apr",2956,216
2021-05-05,"50.7532958984375","-1.6571044921875","EN",2,"",21.42,NA,2,1,1,1,1,1,2,5,17,11,1,1,4,"",185,23,1,4,"",1,2005,"Nov",5664,217
2021-05-05,"50.398895263671875","-4.172698974609375","EN",2,"",24.013,NA,1,1,1,1,1,1,4,5,10,12,1,1,4,"",185,22,2,4,"",1,2012,"Dec",3077,218
2021-05-05,"-27.47320556640625","153.021514892578125","EN",1,"",24.981,NA,2,1,1,1,1,1,4,5,13,6,1,1,2,"",9,39,1,4,"",1,2009,"Jun",4356,219
2021-05-05,"53.7606048583984375","-0.3733978271484375","EN",1,"",24.398,NA,3,1,1,5,2,1,3,2,10,2,1,2,4,"",185,40,1,2,"",1,2012,"Feb",3381,220
2021-05-05,"52.1363983154296875","-4.5406036376953125","EN",1,"",21.831,NA,4,1,1,1,1,1,4,4,14,3,1,1,7,"Horse breeding",185,16,2,4,"",1,2008,"Mar",4813,221
2021-05-05,"51.5095062255859375","-0.0955047607421875","EN",1,"",21.22,NA,2,1,1,1,2,1,2,2,23,4,1,2,6,"",185,35,2,4,"",1,1999,"Apr",8070,222
2021-05-05,"52.3325042724609375","-0.1844024658203125","EN",1,"",21.852,NA,4,1,1,1,1,1,4,5,3,11,1,1,1,"",185,24,1,2,"",1,2019,"Nov",551,223
2021-05-05,"55.899505615234375","-3.5236968994140625","EN",1,"",NA,44.183,4,4,4,2,2,2,4,2,7,1,1,1,4,"",185,18,1,3,"",2,2015,"Jan",2316,224
2021-05-05,"54.7079010009765625","-6.528900146484375","EN",1,"",NA,158.098,5,5,5,5,5,5,3,3,9,8,1,1,2,"",185,38,1,4,"",2,2013,"Aug",2834,225
2021-05-05,"53.9308013916015625","-0.8083038330078125","EN",2,"",20.755,NA,4,4,2,1,1,1,4,5,5,7,1,1,7,"Entertainment",185,16,1,3,"",1,2017,"Jul",1404,226
2021-05-05,"51.5177001953125","-0.6215057373046875","EN",2,"",NA,31.348,4,5,4,4,4,5,4,5,4,5,1,1,1,"",184,17,1,4,"",2,2018,"May",1100,227
2021-05-05,"51.5258941650390625","-0.322906494140625","EN",1,"",27.636,NA,4,1,1,1,1,1,2,5,11,3,1,1,7,"Tourism",185,37,1,4,"",1,2011,"Mar",3718,228
2021-05-05,"52.5189056396484375","-1.9188995361328125","EN",2,"",94.534,NA,4,1,1,1,1,1,4,4,5,1,1,2,1,"",185,37,2,4,"",1,2017,"Jan",1585,229
2021-05-05,"51.49639892578125","-0.122406005859375","EN",1,"",23.015,NA,3,1,1,1,2,2,2,4,19,8,1,1,1,"",185,32,2,5,"",1,2003,"Aug",6487,230
2021-05-05,"54.608001708984375","-5.964996337890625","EN",2,"",NA,36.107,4,4,4,2,4,2,4,5,3,3,1,1,7,"Marketing and Advertising",185,11,2,4,"",2,2019,"Mar",796,231
2021-05-05,"51.4192962646484375","-0.559295654296875","EN",2,"",NA,21.433,4,5,5,4,3,4,3,4,7,9,1,1,1,"",185,34,2,5,"",2,2015,"Sep",2073,232
2021-05-05,"51.1002960205078125","-1.8784942626953125","EN",1,"",54.639,NA,1,1,1,1,1,1,4,5,5,8,1,1,7,"Marketing / copywriting mainly for the tech sector",185,32,2,4,"",1,2017,"Aug",1373,233
2021-05-05,"51.4535064697265625","-2.591705322265625","EN",1,"",168.944,NA,4,2,2,2,1,1,3,4,2,9,1,1,3,"",185,24,2,4,"",1,2020,"Sep",246,234
2021-05-05,"29.7133026123046875","-95.48040008544921875","EN",2,"",NA,21.647,5,5,5,4,3,3,4,4,3,2,1,1,4,"",187,10,2,6,"Masters degree",2,2019,"Feb",824,235
2021-05-05,"51.4615020751953125","-0.140899658203125","EN",1,"",NA,51.767,4,5,5,4,4,4,4,4,9,7,1,1,4,"",185,30,2,4,"",2,2013,"Jul",2865,236
2021-05-05,"52.9871063232421875","-1.0677032470703125","EN",1,"",NA,23.95,4,4,4,2,2,1,2,4,15,1,1,1,3,"",185,34,2,4,"",2,2007,"Jan",5238,237
2021-05-05,"50.7519073486328125","-1.87060546875","EN",2,"",NA,29.303,5,5,5,4,4,4,4,5,7,1,1,2,3,"",185,19,1,5,"",2,2015,"Jan",2316,238
2021-05-05,"53.3553009033203125","-1.56329345703125","EN",1,"",21.144,NA,3,5,5,1,1,1,2,5,8,9,1,1,3,"",185,22,2,3,"",1,2014,"Sep",2438,239
2021-05-05,"53.7263031005859375","-1.7064971923828125","EN",1,"",21.147,NA,3,1,1,1,1,1,4,3,8,6,1,2,4,"",185,14,2,4,"",1,2014,"Jun",2530,240
2021-05-05,"52.55889892578125","-2.1448974609375","EN",2,"",NA,52.788,5,5,5,4,4,2,4,5,18,1,1,1,7,"Entertainment",185,30,1,4,"",2,2004,"Jan",6334,241
2021-05-05,"55.8860015869140625","-3.3363037109375","EN",1,"",45.979,NA,3,1,1,1,2,1,4,4,10,9,1,1,4,"",185,16,2,1,"",1,2012,"Sep",3168,242
2021-05-05,"51.64849853515625","-0.7801055908203125","EN",1,"",21.568,NA,2,1,2,2,2,2,2,3,7,3,1,1,4,"",185,15,1,4,"",1,2015,"Mar",2257,243
2021-05-05,"52.6280975341796875","1.28619384765625","EN",2,"",20.965,NA,2,1,2,1,2,3,5,5,7,7,1,1,7,"art",185,12,2,4,"",1,2015,"Jul",2135,244
2021-05-05,"54.5554046630859375","-1.515106201171875","EN",1,"",60.229,NA,3,3,3,3,2,2,4,4,11,1,1,1,4,"",185,25,2,5,"",1,2011,"Jan",3777,245
2021-05-05,"51.86590576171875","-2.205902099609375","EN",1,"",NA,24.452,4,5,5,4,4,4,1,4,8,2,1,1,1,"",185,24,1,3,"",2,2014,"Feb",2650,246
2021-05-05,"51.705596923828125","0.027801513671875","EN",1,"",41.36,NA,2,1,1,1,1,3,4,5,11,10,1,1,2,"",185,31,2,2,"",1,2011,"Oct",3504,247
2021-05-05,"54.833404541015625","-1.626800537109375","EN",1,"",NA,24.315,4,5,5,4,4,3,2,1,5,10,1,1,7,"craft",185,27,2,5,"",2,2017,"Oct",1312,248
2021-05-05,"52.6737060546875","-2.0312957763671875","EN",1,"",NA,56.145,4,5,5,3,3,3,4,3,3,7,1,1,7,"entertainment",185,32,2,4,"",2,2019,"Jul",674,249
2021-05-05,"53.48260498046875","-1.3025970458984375","EN",2,"",NA,21.861,5,5,5,4,3,3,4,2,2,5,1,1,4,"",185,17,2,4,"",2,2020,"May",369,250
2021-05-05,"51.49639892578125","-0.122406005859375","EN",2,"",21.859,NA,2,1,1,1,1,3,4,4,3,4,1,1,6,"",185,31,2,4,"",1,2019,"Apr",765,252
2021-05-05,"50.716796875","-2.4342041015625","EN",2,"",22.512,NA,4,1,1,1,2,3,4,4,4,3,1,1,7,"photographic",185,42,2,3,"",1,2018,"Mar",1161,253
2021-05-05,"54.993499755859375","-2.118896484375","EN",2,"",25.849,NA,4,2,2,1,1,2,1,4,5,3,1,1,3,"",185,22,2,4,"",1,2017,"Mar",1526,254
2021-05-05,"51.9053955078125","-0.293701171875","EN",2,"",56.04,NA,2,2,2,2,2,2,2,4,15,9,1,1,3,"",185,31,2,4,"",1,2007,"Sep",4995,255
2021-05-05,"50.932098388671875","-1.3892059326171875","EN",1,"",34.295,NA,2,1,1,1,2,1,4,5,4,8,1,2,7,"Charity",185,12,2,4,"",1,2018,"Aug",1008,256
2021-05-05,"53.7458038330078125","-1.3760986328125","EN",1,"",31.381,NA,3,1,1,1,1,1,2,4,2,1,1,1,7,"Energy Sales Services",185,15,1,2,"",1,2020,"Jan",490,257
2021-05-05,"52.95379638671875","-1.1571044921875","EN",1,"",NA,21.492,4,5,5,2,2,2,2,2,3,10,1,2,2,"",185,32,1,4,"",2,2019,"Oct",582,258
2021-05-05,"50.912994384765625","0.346405029296875","EN",1,"",28.189,NA,4,2,2,3,4,4,3,2,10,3,1,1,2,"",185,23,2,4,"",1,2012,"Mar",3352,259
2021-05-05,"51.4098052978515625","-0.02490234375","EN",2,"",45.411,NA,3,1,1,1,1,1,3,4,8,10,1,1,3,"",185,36,2,6,"Post grad diploma",1,2014,"Oct",2408,260
2021-05-05,"54.524505615234375","-1.550994873046875","EN",1,"",24.251,NA,2,1,1,2,1,3,1,2,5,10,1,2,4,"",185,14,1,3,"",1,2017,"Oct",1312,261
2021-05-05,"52.18890380859375","0.9976959228515625","EN",2,"",NA,24.045,5,5,5,4,4,4,2,4,29,11,1,1,7,"Business services",185,41,2,4,"",2,1993,"Nov",10047,262
2021-05-05,"45.6533966064453125","0.151397705078125","EN",1,"",22.933,NA,2,1,1,1,2,1,4,4,11,12,1,1,3,"",61,46,2,5,"",1,2011,"Dec",3443,263
2021-05-05,"53.2144927978515625","-0.57110595703125","EN",2,"",NA,21.908,4,4,5,2,4,2,3,4,3,8,1,1,2,"",185,2,1,4,"",2,2019,"Aug",643,265
2021-05-05,"50.22430419921875","-5.25860595703125","EN",1,"",NA,27.706,2,4,5,4,3,3,2,4,4,4,1,1,4,"",185,13,2,2,"",2,2018,"Apr",1130,266
2021-05-05,"51.4203033447265625","-0.11749267578125","EN",1,"",24.008,NA,5,1,1,1,1,1,2,3,4,3,1,1,3,"",185,17,1,4,"",1,2018,"Mar",1161,267
2021-05-05,"51.453399658203125","-2.5077056884765625","EN",1,"",NA,87.219,5,5,5,3,3,3,2,3,6,3,1,1,3,"",185,39,2,4,"",2,2016,"Mar",1891,268
2021-05-05,"52.4553985595703125","-1.9564971923828125","EN",2,"",NA,29.755,4,5,5,3,4,2,4,5,13,1,1,1,3,"",185,44,2,5,"",2,2009,"Jan",4507,269
2021-05-05,"52.191497802734375","-0.8986053466796875","EN",1,"",31.232,NA,4,1,1,2,4,5,1,1,7,8,1,1,2,"",185,45,2,2,"",1,2015,"Aug",2104,270
2021-05-05,"50.7310028076171875","-1.9530029296875","EN",1,"",NA,34.92,5,5,5,1,4,1,1,1,30,7,1,2,2,"",185,55,1,2,"",2,1992,"Jul",10535,271
2021-05-05,"52.372802734375","-2.252197265625","EN",2,"",25.167,NA,4,2,2,2,2,2,5,5,16,3,1,1,3,"",185,19,1,4,"",1,2006,"Mar",5544,272
2021-05-05,"51.887298583984375","0.863800048828125","EN",2,"",NA,22.056,5,5,5,5,4,4,5,5,3,11,1,1,1,"",185,4,1,4,"",2,2019,"Nov",551,273
2021-05-05,"52.061798095703125","1.156005859375","EN",2,"",NA,23.162,4,5,5,4,4,3,3,4,4,1,1,2,7,"Childrenâ€™s Entertainment",185,20,1,4,"",2,2018,"Jan",1220,274
2021-05-05,"51.8052978515625","-0.80859375","EN",1,"",NA,29.162,4,5,4,4,4,3,4,5,12,7,1,1,1,"",185,23,1,2,"",2,2010,"Jul",3961,275
2021-05-05,"54.4539031982421875","-6.38299560546875","EN",1,"",22.186,NA,4,1,1,1,1,2,4,3,1,2,1,1,4,"",185,19,2,4,"",1,2021,"Feb",93,276
2021-05-05,"51.4622955322265625","-2.550201416015625","EN",2,"",NA,25.501,5,4,5,2,2,2,1,1,3,6,1,1,3,"",185,22,2,6,"Masters degree",2,2019,"Jun",704,277
2021-05-05,"55.0933074951171875","-3.5590057373046875","EN",1,"",24.061,NA,4,1,1,1,1,1,2,4,6,4,1,2,7,"The arts",185,37,2,4,"",1,2016,"Apr",1860,278
2021-05-05,"53.6515045166015625","-1.8195953369140625","EN",1,"",22.275,NA,2,1,1,1,1,1,4,5,13,9,1,1,6,"",185,30,1,3,"",1,2009,"Sep",4264,279
2021-05-05,"51.4889068603515625","-0.2317962646484375","EN",1,"",NA,25.442,3,4,5,1,2,2,2,3,2,10,1,1,4,"",185,1,2,2,"",2,2020,"Oct",216,280
2021-05-05,"53.2144927978515625","-0.57110595703125","EN",2,"",63.953,NA,1,1,1,1,1,1,4,5,12,4,1,1,4,"",185,29,1,2,"",1,2010,"Apr",4052,281
2021-05-05,"52.0675048828125","-0.75689697265625","EN",1,"",22.039,NA,1,1,1,1,1,4,5,5,16,10,1,1,4,"",185,26,2,2,"",1,2006,"Oct",5330,282
2021-05-05,"51.5095062255859375","-0.0955047607421875","EN",2,"",26.039,NA,2,1,2,1,1,2,4,5,3,3,1,1,7,"entertainment",185,6,1,3,"",1,2019,"Mar",796,283
2021-05-05,"51.3303985595703125","-0.26800537109375","EN",2,"",NA,32.249,5,5,5,1,3,1,1,2,4,6,1,1,3,"",185,19,2,4,"",2,2018,"Jun",1069,284
2021-05-05,"51.7877960205078125","0.0850067138671875","EN",2,"",NA,23.846,4,5,5,4,4,2,2,4,4,5,1,2,4,"",185,22,2,4,"",2,2018,"May",1100,285
2021-05-05,"51.0955047607421875","-0.5115966796875","EN",1,"",40.048,NA,2,2,1,1,1,1,4,4,6,2,1,1,5,"",185,34,1,3,"",1,2016,"Feb",1920,286
2021-05-05,"51.49639892578125","-0.122406005859375","EN",2,"",NA,29.006,4,4,5,1,1,1,2,1,2,10,1,1,1,"",185,1,1,2,"",2,2020,"Oct",216,287
2021-05-05,"52.90289306640625","-1.5045928955078125","EN",2,"",21.087,NA,4,1,2,2,2,1,2,2,3,10,1,1,5,"",185,11,1,4,"",1,2019,"Oct",582,288
2021-05-05,"51.4250946044921875","-0.1519927978515625","EN",1,"",NA,37.087,5,5,5,2,4,2,4,4,22,6,1,1,7,"Entertainment Industry",185,33,2,4,"",2,2000,"Jun",7643,289
2021-05-05,"53.533203125","-2.6116943359375","EN",1,"",NA,34.554,5,5,5,3,3,2,1,1,31,4,1,1,6,"",185,35,1,3,"",2,1991,"Apr",10992,290
2021-05-05,"52.65130615234375","-1.0876007080078125","EN",2,"",NA,23.94,4,4,5,4,4,5,4,4,4,12,1,1,3,"",185,12,1,4,"",2,2018,"Dec",886,292
2021-05-05,"53.940093994140625","-0.447906494140625","EN",1,"",24.816,NA,2,1,1,1,1,3,1,4,27,10,1,2,2,"",185,44,1,5,"",1,1995,"Oct",9348,293
2021-05-05,"53.5865936279296875","-2.435394287109375","EN",1,"",21.613,NA,4,1,1,1,2,1,1,1,5,9,1,1,3,"",185,46,1,4,"",1,2017,"Sep",1342,294
2021-05-05,"52.7572021484375","1.1305999755859375","EN",1,"",21.578,NA,2,1,1,1,2,3,4,5,9,4,1,1,7,"Business services",185,47,2,3,"",1,2013,"Apr",2956,295
2021-05-05,"51.49639892578125","-0.122406005859375","EN",2,"",49.939,NA,2,1,1,1,1,1,2,2,26,4,1,1,3,"",185,34,1,3,"",1,1996,"Apr",9165,296
2021-05-05,"51.1448974609375","1.3018951416015625","EN",1,"",22.711,NA,4,1,1,2,1,2,2,4,30,12,1,2,7,"personal care",185,31,2,3,"",1,1992,"Dec",10382,297
2021-05-05,"52.3961944580078125","-1.9333953857421875","EN",2,"",29.429,NA,3,1,1,1,2,1,3,5,3,12,1,1,2,"",185,20,2,4,"",1,2019,"Dec",521,298
2021-05-05,"53.570098876953125","-1.7863006591796875","EN",1,"",23.339,NA,2,1,1,2,2,2,4,4,4,9,1,1,7,"Arts",185,31,2,2,"",1,2018,"Sep",977,299
2021-05-05,"54.6551055908203125","-3.370697021484375","EN",1,"",NA,54.033,4,4,5,3,2,2,2,4,19,9,1,1,1,"",185,31,2,4,"",2,2003,"Sep",6456,300
2021-05-05,"51.4037933349609375","-0.2346038818359375","EN",2,"",24.927,NA,2,1,1,1,2,2,4,4,8,6,1,1,7,"arts",185,10,2,4,"",1,2014,"Jun",2530,301
2021-05-05,"53.512298583984375","-2.314300537109375","EN",1,"",21.324,NA,3,1,1,1,1,1,5,3,13,8,1,1,1,"",185,21,2,3,"",1,2009,"Aug",4295,302
2021-05-05,"51.480499267578125","-0.174102783203125","EN",2,"",NA,50.539,5,5,5,4,2,1,4,4,4,10,1,1,1,"",185,39,2,4,"",2,2018,"Oct",947,304
2021-05-05,"53.4499969482421875","-2.783294677734375","EN",1,"",21.054,NA,2,2,2,2,3,2,3,2,3,3,1,1,1,"",185,36,1,2,"",1,2019,"Mar",796,305
2021-05-05,"52.92340087890625","-1.472503662109375","EN",1,"",NA,26.619,5,4,5,3,4,4,1,1,3,1,1,1,1,"",185,2,1,3,"",2,2019,"Jan",855,306
2021-05-05,"53.25579833984375","-1.42919921875","EN",1,"",48.401,NA,4,1,2,1,2,3,2,2,4,10,1,1,3,"",185,37,2,5,"",1,2018,"Oct",947,307
2021-05-05,"53.7881011962890625","-1.600799560546875","EN",1,"",53.056,NA,2,1,1,1,2,2,4,5,4,4,1,1,4,"",185,18,1,4,"",1,2018,"Apr",1130,308
2021-05-05,"53.7035064697265625","-1.4795989990234375","EN",1,"",81.409,NA,2,1,1,1,1,1,1,1,23,8,1,1,1,"",185,40,1,2,"",1,1999,"Aug",7948,309
2021-05-05,"53.936798095703125","-1.746795654296875","EN",1,"",NA,23.876,5,5,5,2,4,4,1,5,16,2,1,1,1,"",185,57,2,3,"",2,2006,"Feb",5572,311
2021-05-05,"54.011993408203125","-1.043701171875","EN",1,"",NA,28.286,4,4,4,2,2,2,3,5,6,2,1,1,2,"",185,5,1,4,"",2,2016,"Feb",1920,312
2021-05-05,"51.887298583984375","0.863800048828125","EN",2,"",NA,28.67,5,5,5,5,5,5,4,5,2,8,1,1,7,"Travel & Tourism",185,22,2,2,"",2,2020,"Aug",277,313
2021-05-05,"53.3887939453125","-2.3428955078125","EN",2,"",NA,29.185,4,4,4,4,4,3,2,5,2,2,1,1,1,"",185,25,2,4,"",2,2020,"Feb",459,314
2021-05-05,"52.811492919921875","-0.875701904296875","EN",2,"",36.149,NA,1,1,1,1,1,1,4,5,8,11,1,1,5,"",185,31,1,4,"",1,2014,"Nov",2377,315
2021-05-05,"28.9618072509765625","-13.54730224609375","EN",1,"",NA,30.073,5,5,5,4,4,3,2,4,22,9,1,1,2,"",163,31,2,5,"",2,2000,"Sep",7551,316
2021-05-05,"53.047698974609375","-2.3780059814453125","EN",2,"",NA,21.483,5,5,5,3,4,4,2,1,7,10,1,1,3,"",185,38,2,4,"",2,2015,"Oct",2043,317
2021-05-05,"51.5095062255859375","-0.0955047607421875","EN",1,"",23.218,NA,3,3,2,3,4,2,3,2,5,1,1,1,1,"",185,22,1,4,"",1,2017,"Jan",1585,318
2021-05-05,"50.827301025390625","-0.4886932373046875","EN",1,"",NA,23.82,5,5,5,3,4,3,2,4,21,2,1,1,4,"",185,34,2,4,"",2,2001,"Feb",7398,319
2021-05-05,"50.915802001953125","-1.360107421875","EN",2,"",279.767,NA,3,2,2,2,2,2,2,4,3,9,1,2,4,"",185,12,2,2,"",1,2019,"Sep",612,320
2021-05-05,"51.4501953125","-2.650299072265625","EN",1,"",NA,48.001,4,4,5,4,4,5,1,1,15,9,1,1,1,"",185,38,1,2,"",2,2007,"Sep",4995,321
2021-05-05,"52.6923065185546875","-1.822601318359375","EN",1,"",NA,29.954,4,4,5,2,3,3,4,5,20,12,1,1,3,"",185,29,2,4,"",2,2002,"Dec",6730,322
2021-05-05,"51.5758056640625","0.1298980712890625","EN",1,"",NA,37.901,5,5,5,5,5,5,1,3,9,12,1,2,7,"Education",185,23,1,4,"",2,2013,"Dec",2712,323
2021-05-05,"53.7881011962890625","-1.600799560546875","EN",2,"",29.858,NA,2,1,1,2,1,1,3,4,5,2,1,1,3,"",185,27,2,4,"",1,2017,"Feb",1554,324
2021-05-05,"52.1072998046875","-0.46490478515625","EN",2,"",NA,21.131,5,5,5,3,3,3,1,1,8,3,1,1,2,"",185,31,1,4,"",2,2014,"Mar",2622,326
2021-05-05,"51.72509765625","-3.36419677734375","EN",1,"",57.031,NA,3,1,1,1,1,1,4,4,8,11,1,1,7,"personal services",185,12,2,2,"",1,2014,"Nov",2377,327
2021-05-05,"52.2834930419921875","-0.8950958251953125","EN",1,"",22.968,NA,4,1,1,1,1,2,1,1,3,10,1,1,2,"",185,34,2,4,"",1,2019,"Oct",582,328
2021-05-05,"51.1273956298828125","1.2924957275390625","EN",2,"",21.601,NA,1,1,1,1,1,1,2,2,7,6,1,1,4,"",185,19,1,4,"",1,2015,"Jun",2165,329
2021-05-05,"51.022705078125","-2.442596435546875","EN",1,"",NA,32.009,5,5,5,3,4,4,3,4,17,1,1,1,7,"BEAUTY",185,35,2,3,"",2,2005,"Jan",5968,330
2021-05-05,"52.3957977294921875","-1.4795989990234375","EN",1,"",21.082,NA,2,1,1,1,1,1,2,4,5,9,1,1,3,"",185,28,2,5,"",1,2017,"Sep",1342,331
2021-05-05,"51.403594970703125","-0.7617950439453125","EN",1,"",28.275,NA,1,1,1,1,2,1,1,2,8,9,1,1,7,"transportation",185,25,2,4,"",1,2014,"Sep",2438,332
2021-05-05,"54.9029998779296875","-1.7248992919921875","EN",1,"",21.978,NA,3,1,1,1,1,1,3,3,4,8,1,1,4,"",187,25,2,4,"",1,2018,"Aug",1008,333
2021-05-05,"50.4380950927734375","-4.0829925537109375","EN",1,"",32.509,NA,2,1,1,1,1,1,2,1,4,4,1,1,1,"",185,16,2,4,"",1,2018,"Apr",1130,334
2021-05-05,"51.7799072265625","0.2711944580078125","EN",2,"",NA,24.178,5,5,5,2,2,1,4,5,25,11,1,1,2,"",185,33,1,4,"",2,1997,"Nov",8586,335
2021-05-05,"52.4098968505859375","-1.8141021728515625","EN",2,"",NA,58.518,5,5,5,4,4,2,5,4,2,11,1,2,4,"",185,7,2,3,"",2,2020,"Nov",185,336
2021-05-05,"51.81640625","-0.3572998046875","EN",1,"",63.717,NA,2,2,2,2,1,2,4,4,4,11,1,2,1,"",185,16,2,4,"",1,2018,"Nov",916,337
2021-05-05,"50.9972991943359375","-0.1053009033203125","EN",1,"",26.133,NA,4,1,2,1,1,1,4,2,17,6,1,1,2,"",185,31,1,4,"",1,2005,"Jun",5817,338
2021-05-05,"51.3986053466796875","-3.2790985107421875","EN",2,"",31.801,NA,3,1,1,1,1,1,5,5,5,1,1,1,7,"service",185,16,2,4,"",1,2017,"Jan",1585,339
2021-05-05,"52.044403076171875","1.1273040771484375","EN",2,"",25.814,NA,3,4,5,4,4,4,2,2,4,6,1,1,4,"",185,33,2,2,"",1,2018,"Jun",1069,340
2021-05-05,"52.0435028076171875","1.1842041015625","EN",2,"",NA,23.032,4,5,5,4,5,4,1,2,4,6,1,1,3,"",185,8,1,4,"",2,2018,"Jun",1069,341
2021-05-05,"51.6674041748046875","-0.61480712890625","EN",2,"",25.28,NA,4,2,1,1,1,1,4,2,3,3,1,2,4,"",185,15,1,4,"",1,2019,"Mar",796,342
2021-05-05,"55.5529022216796875","-4.6613006591796875","EN",1,"",NA,22.274,4,5,5,5,4,5,4,4,9,1,1,1,7,"art",185,25,2,4,"",2,2013,"Jan",3046,343
2021-05-05,"54.9958038330078125","-1.689697265625","EN",1,"",126.226,NA,1,1,1,1,1,1,5,5,9,4,1,1,1,"",185,13,1,4,"",1,2013,"Apr",2956,344
2021-05-05,"54.536895751953125","-1.04400634765625","EN",2,"",21.34,NA,4,1,1,1,1,1,2,2,4,8,1,1,4,"",185,23,2,4,"",1,2018,"Aug",1008,345
2021-05-05,"54.5395965576171875","-5.975006103515625","EN",1,"",NA,47.093,5,5,5,5,4,5,2,4,11,2,1,1,7,"Hairdressing",185,12,2,6,"College",2,2011,"Feb",3746,346
2021-05-05,"52.299102783203125","-0.6941986083984375","EN",1,"",NA,27.341,5,5,5,1,1,1,4,5,23,9,1,1,3,"",185,38,2,6,"Masters",2,1999,"Sep",7917,347
2021-05-05,"52.9994049072265625","-1.131805419921875","EN",1,"",21.419,NA,5,1,1,1,1,2,4,1,5,3,1,1,2,"",185,10,1,4,"",1,2017,"Mar",1526,348
2021-05-05,"54.2527008056640625","20.812103271484375","EN",1,"",NA,41.347,3,4,4,3,4,3,3,4,3,5,1,2,1,"",185,4,1,3,"",2,2019,"May",735,349
2021-05-05,"51.252105712890625","-0.7295074462890625","EN",2,"",NA,22.508,4,5,5,4,4,4,5,5,7,3,1,2,7,"Selling antiques and second hand goods.",185,28,2,4,"",2,2015,"Mar",2257,351
2021-05-05,"55.96319580078125","-3.2545928955078125","EN",1,"",26.919,NA,2,1,1,4,2,3,4,2,2,4,1,1,1,"",185,36,2,4,"",1,2020,"Apr",399,352
2021-05-05,"51.797698974609375","-2.43060302734375","EN",1,"",NA,24.967,4,5,5,4,3,3,4,4,4,9,1,1,3,"",185,12,2,4,"",2,2018,"Sep",977,353
2021-05-05,"52.136505126953125","-1.7859954833984375","EN",2,"",NA,30.733,4,4,5,2,4,2,2,3,3,2,1,1,3,"",185,9,1,4,"",2,2019,"Feb",824,354
2021-05-05,"51.797698974609375","-2.43060302734375","EN",1,"",NA,32.906,5,4,5,3,2,1,5,5,7,8,1,2,7,"Catering Services",185,42,1,4,"",2,2015,"Aug",2104,355
2021-05-05,"55.9488983154296875","-3.1631927490234375","EN",1,"",NA,21.01,4,5,5,1,2,2,2,4,8,6,1,1,3,"",185,13,1,4,"",2,2014,"Jun",2530,356
2021-05-05,"51.7657012939453125","-1.279693603515625","EN",1,"",21.377,NA,1,1,1,1,1,1,4,5,10,11,1,2,7,"Hospitality",185,14,1,4,"",1,2012,"Nov",3107,357
2021-05-05,"53.576904296875","-2.718505859375","EN",1,"",24.946,NA,1,1,1,1,1,1,1,4,6,11,1,1,7,"Training",185,16,1,4,"",1,2016,"Nov",1646,358
2021-05-05,"52.8939971923828125","-1.4235992431640625","EN",2,"",112.266,NA,2,2,1,1,1,1,3,2,35,10,1,1,1,"",185,16,1,2,"",1,1987,"Oct",12270,359
2021-05-05,"51.00750732421875","-3.10150146484375","EN",1,"",NA,31.208,5,5,5,4,4,4,4,5,3,5,1,1,7,"Entertainment Industry/ Video Production",185,10,1,4,"",2,2019,"May",735,360
2021-05-05,"51.49969482421875","-0.468902587890625","EN",1,"",NA,43.757,4,4,4,4,5,4,4,4,5,4,1,1,1,"",185,19,1,4,"",2,2017,"Apr",1495,361
2021-05-05,"54.1165924072265625","-3.2350006103515625","EN",2,"",NA,45.169,5,5,5,3,4,3,5,5,10,7,1,2,7,"Outdoor pursuits",185,42,1,3,"",2,2012,"Jul",3230,362
2021-05-05,"52.193206787109375","0.1425933837890625","EN",1,"",NA,34.091,4,5,5,4,4,4,2,2,5,7,1,1,7,"Consultancy",185,23,1,4,"",2,2017,"Jul",1404,363
2021-05-05,"53.3809051513671875","-3.098602294921875","EN",2,"",NA,50.709,5,5,5,4,4,5,1,1,7,12,1,1,1,"",185,14,1,2,"",2,2015,"Dec",1982,364
2021-05-05,"52.7176055908203125","1.7003936767578125","EN",1,"",129.067,NA,1,1,1,1,1,1,1,4,17,10,1,1,4,"",185,33,1,2,"",1,2005,"Oct",5695,365
2021-05-05,"53.115997314453125","-3.039703369140625","EN",1,"",NA,56.722,5,5,5,4,3,4,1,2,40,4,1,1,4,"",185,22,2,4,"",2,1982,"Apr",14279,366
2021-05-05,"55.86700439453125","-4.2621002197265625","EN",2,"",90.599,NA,2,2,2,1,1,1,3,5,3,6,1,1,1,"",185,13,2,4,"",1,2019,"Jun",704,367
2021-05-05,"51.276702880859375","0.1840057373046875","EN",2,"",NA,21.797,3,4,4,3,4,3,4,4,5,8,1,2,7,"Arts",185,20,1,4,"",2,2017,"Aug",1373,368
