"T1ID","T1occ","T1occ_3_TEXT","T1finstrain_1","T1finstrain_2","T1finstrain_3","T1quitint_1","T1quitint_2","T1quitint_3","T1concom_1","T1concom_2","T1concom_3","T1affcom_1","T1affcom_2","T1affcom_3","T1employees","T1coown","T1indu","T1indu_7_TEXT","T1locat","T1age_1","T1gender","T1lang","T1lang_2_TEXT","T1edu","T1edu_6_TEXT","T1PROLIFIC_PID","ID","T1timebuiss","T2occ","T2occ_3_TEXT","T2quit","T2quitfinstrain","T2quitfinstrain_3_TEXT","T2currententre","T2finstrain_1","T2finstrain_2","T2finstrain_3","T2quitint_1","T2quitint_2","T2quitint_3","T2concom_1","T2concom_2","T2concom_3","T2affcom_1","T2affcom_2","T2affcom_3"
"5e33cd65334b21391ea61205",2,"",4,2,4,2,1,1,1,5,4,5,5,4,2,1,7,"Jewellery",185,43,2,1,"",5,"","5e33cd65334b21391ea61205",51,3226,2,"",1,NA,"",NA,4,4,4,4,2,2,1,4,5,2,4,2
"60be5cb81de91fc787d3c59c",2,"",4,1,1,2,1,1,2,2,3,2,3,4,2,2,4,"",185,23,2,1,"",4,"","60be5cb81de91fc787d3c59c",52,182,2,"",1,NA,"",NA,4,2,2,3,2,3,1,1,3,4,5,4
"6028f3b67d97d2265f803f3c",1,"",3,2,3,3,3,3,3,5,5,3,5,3,1,2,7,"food service",185,40,2,1,"",4,"","6028f3b67d97d2265f803f3c",60,4138,1,"",1,NA,"",NA,5,2,2,4,3,3,3,5,5,2,5,3
"5b4915add4c93b00019beed6",1,"",3,2,4,1,3,2,4,4,4,4,5,4,2,2,1,"",185,33,2,1,"",3,"","5b4915add4c93b00019beed6",61,1400,2,"",1,NA,"",NA,4,4,4,2,2,2,4,4,4,4,4,4
"60bb328d08294ea7c26231b2",2,"",3,2,2,1,2,1,2,2,2,4,4,4,2,1,2,"",185,44,2,1,"",4,"","60bb328d08294ea7c26231b2",63,762,2,"",1,NA,"",NA,2,2,2,2,2,2,2,2,2,4,4,4
"605e5fc57ba58c968de8d8ee",1,"",3,3,4,2,2,1,5,5,4,4,5,3,2,1,3,"",185,45,1,2,"Greek",5,"","605e5fc57ba58c968de8d8ee",64,3165,1,"",1,NA,"",NA,4,3,4,2,3,1,5,5,4,4,5,3
"5c7aa97a6b5631001745891f",1,"",3,2,2,2,2,2,2,2,2,4,4,5,2,1,1,"",185,38,2,1,"",4,"","5c7aa97a6b5631001745891f",65,1522,1,"",1,NA,"",NA,2,1,2,1,2,1,2,3,2,5,5,4
"607ea4caa8927b9ec56da4dd",1,"",4,4,4,4,3,3,4,5,4,4,4,3,2,1,7,"Writing services",185,23,2,1,"",2,"","607ea4caa8927b9ec56da4dd",66,457,1,"",1,NA,"",NA,5,3,4,1,1,1,5,5,5,4,5,4
"5f7c9a31d0b9680f0bfa6162",1,"",4,4,4,1,1,1,2,4,3,5,5,5,2,1,7,"Pet services",185,57,2,1,"",4,"","5f7c9a31d0b9680f0bfa6162",69,61,1,"",1,NA,"",NA,5,3,4,1,1,1,2,3,3,5,5,5
"566d549ed408ea00051a2a68",1,"",4,3,3,3,2,1,4,2,4,5,5,4,1,2,1,"",185,37,2,1,"",4,"","566d549ed408ea00051a2a68",70,4383,2,"",1,NA,"",NA,4,3,3,4,4,1,5,2,4,5,5,5
"60be350a53fb7660df9a938f",2,"",4,4,5,2,4,1,2,4,5,3,2,2,2,1,2,"",185,41,2,1,"",4,"","60be350a53fb7660df9a938f",71,4110,2,"",1,NA,"",NA,4,4,5,4,1,1,4,4,4,2,2,4
"57826c6bad1a6c00014659bb",1,"",4,4,4,3,2,2,3,5,4,3,2,2,2,1,1,"",185,49,1,1,"",4,"","57826c6bad1a6c00014659bb",72,882,1,"",1,NA,"",NA,4,4,4,4,4,3,2,4,4,3,4,3
"6048cd924e9f502c42d5faf5",1,"",5,4,4,2,4,3,3,2,2,4,4,4,2,1,7,"Design",185,29,1,1,"",4,"","6048cd924e9f502c42d5faf5",75,3165,1,"",1,NA,"",NA,2,4,3,3,4,3,4,3,4,4,4,4
"5eac1fb4c4ed4506776788b6",2,"",5,4,4,2,3,2,1,2,5,4,5,4,2,1,4,"",185,38,2,1,"",4,"","5eac1fb4c4ed4506776788b6",76,3042,2,"",1,NA,"",NA,5,4,4,2,2,2,1,1,2,4,5,3
"564f52ab9b124900107eb516",1,"",4,2,4,4,4,2,4,3,2,4,5,4,2,1,4,"",185,44,1,2,"German",4,"","564f52ab9b124900107eb516",77,5449,1,"",1,NA,"",NA,4,1,3,2,2,2,2,3,2,4,4,3
"5fbe3cca89f2c20cb19d5efd",1,"",3,4,5,3,4,5,3,1,1,3,4,3,1,1,5,"",185,36,1,1,"",4,"","5fbe3cca89f2c20cb19d5efd",81,1004,2,"",1,NA,"",NA,4,4,4,3,4,1,4,4,4,2,4,3
"5f0848afabfd7d024c2eb3ad",1,"",1,1,1,1,1,1,1,4,4,5,5,5,2,1,2,"",185,44,2,1,"",4,"","5f0848afabfd7d024c2eb3ad",82,3653,1,"",1,NA,"",NA,1,1,1,1,1,1,3,4,4,5,5,5
"5a4fa20276d1c60001aa8d00",2,"",5,5,5,1,1,1,5,5,5,4,4,4,2,1,1,"",185,29,2,1,"",3,"","5a4fa20276d1c60001aa8d00",83,731,2,"",1,NA,"",NA,4,5,5,1,1,1,5,5,5,4,4,4
"5e7bc109faba750e04129ef3",1,"",4,1,1,1,1,1,5,5,5,4,5,4,1,2,6,"",185,51,2,1,"",4,"","5e7bc109faba750e04129ef3",84,4534,2,"",1,NA,"",NA,4,1,1,1,1,1,5,4,4,5,5,5
"5cf9692aafd8f40001760b8b",1,"",4,3,4,4,4,4,3,4,4,4,5,4,2,1,2,"",185,53,2,1,"",4,"","5cf9692aafd8f40001760b8b",86,4687,1,"",1,NA,"",NA,4,4,4,4,4,3,3,4,4,4,4,4
"5d9db80fad89d50017a880e6",1,"",5,1,1,1,1,1,4,2,1,5,5,5,2,1,1,"",185,41,1,1,"",4,"","5d9db80fad89d50017a880e6",88,517,1,"",1,NA,"",NA,4,2,4,1,1,1,5,2,4,5,5,5
"60be1d159feabf1e66247dd0",1,"",2,1,2,1,1,1,1,5,2,4,5,4,2,1,7,"Illustration",185,47,1,1,"",4,"","60be1d159feabf1e66247dd0",89,609,1,"",1,NA,"",NA,4,1,2,1,1,1,2,5,5,5,5,4
"5fcd542eaae247c7788f362e",1,"",3,3,3,3,3,4,3,3,4,3,3,4,1,1,3,"",185,32,1,1,"",2,"","5fcd542eaae247c7788f362e",90,1247,1,"",1,NA,"",NA,3,3,2,2,3,2,3,4,4,3,4,2
"5eb1279ffc03e81f0f614051",1,"",3,2,2,1,2,1,3,3,5,5,5,5,2,2,4,"",185,34,2,2,"Filipino",4,"","5eb1279ffc03e81f0f614051",93,1581,1,"",1,NA,"",NA,2,1,1,1,1,1,3,4,4,5,5,4
"5be4a9fd8bfa990001b328c0",1,"",4,3,4,2,4,2,4,4,4,5,5,5,1,1,7,"Consulting",185,25,1,1,"",4,"","5be4a9fd8bfa990001b328c0",94,1947,1,"",1,NA,"",NA,4,4,2,1,1,1,5,5,5,5,5,4
"58c57df83783090001b49acb",1,"",5,5,5,4,3,2,4,4,4,2,2,3,2,1,1,"",185,38,2,1,"",4,"","58c57df83783090001b49acb",95,1339,1,"",1,NA,"",NA,5,4,4,4,2,2,4,4,4,1,2,2
"5f10b184872b6411c2a95412",1,"",3,2,2,1,2,1,5,5,5,5,5,5,2,1,3,"",185,39,2,1,"",3,"","5f10b184872b6411c2a95412",96,2496,1,"",1,NA,"",NA,4,2,3,4,4,4,3,4,4,4,4,3
"5e22e7bbd727e957d3337b47",1,"",3,4,4,3,2,1,3,4,4,4,5,4,2,1,1,"",185,53,1,1,"",4,"","5e22e7bbd727e957d3337b47",99,670,1,"",1,NA,"",NA,5,4,4,4,2,1,4,5,5,5,5,5
"5c598b3704bbff000140a506",2,"",1,1,1,1,3,3,2,4,3,4,4,3,1,2,7,"Personal services",185,24,2,1,"",4,"","5c598b3704bbff000140a506",100,2100,2,"",1,NA,"",NA,3,2,2,2,2,2,2,1,1,4,3,3
"5d13cc6dbe89fb001ae95f4c",2,"",4,3,3,3,4,2,2,3,4,3,1,2,1,2,7,"Tourism",185,26,2,1,"",4,"","5d13cc6dbe89fb001ae95f4c",101,731,2,"",1,NA,"",NA,2,4,4,3,3,2,2,4,4,3,4,3
"5e2f25778028224e8c99915c",1,"",4,4,4,4,2,2,2,3,4,2,4,3,2,1,7,"Art",185,45,2,1,"",4,"","5e2f25778028224e8c99915c",102,457,1,"",1,NA,"",NA,5,5,5,5,5,4,2,5,4,2,4,4
"5e909d9ac9ce2503b2650797",1,"",4,5,5,2,2,1,5,5,5,3,4,2,2,1,7,"pet",185,40,2,1,"",3,"","5e909d9ac9ce2503b2650797",106,1887,1,"",1,NA,"",NA,5,5,5,1,1,1,4,4,5,3,4,3
"5d2464b812b27400011db6e7",2,"",4,4,4,1,1,1,4,4,5,5,5,5,2,1,7,"Printmaking/Bookbinding/Design",185,36,2,1,"",5,"","5d2464b812b27400011db6e7",111,1247,1,"",1,NA,"",NA,5,4,5,1,1,1,4,4,4,4,5,4
"60bf5ea1329eb949a50e5761",1,"",4,3,4,3,2,1,4,4,4,4,4,4,2,1,6,"",185,34,1,1,"",3,"","60bf5ea1329eb949a50e5761",112,792,1,"",1,NA,"",NA,4,4,4,3,3,3,4,4,4,4,4,4
"5b2939c07f78160001466f4a",1,"",2,1,1,1,1,1,5,5,5,4,5,3,2,2,4,"",185,52,2,1,"",2,"","5b2939c07f78160001466f4a",113,5875,1,"",1,NA,"",NA,1,2,3,1,1,1,4,5,3,3,5,3
"5f994df060b2c202d9aea6ae",1,"",4,5,5,2,2,2,4,5,5,5,5,5,2,1,7,"Creative industry",185,28,2,1,"",6,"Master's Degree","5f994df060b2c202d9aea6ae",116,396,2,"",1,NA,"",NA,5,4,5,4,3,3,2,5,5,5,5,5
"5edd44a1f800d10bb83486e1",2,"",4,2,3,3,3,1,3,2,4,4,3,4,1,2,2,"",185,26,1,1,"",4,"","5edd44a1f800d10bb83486e1",117,1127,1,"",1,NA,"",NA,4,4,4,3,3,2,3,4,4,4,4,4
"59ef0f7cac0af70001b37077",1,"",3,1,1,2,1,1,3,3,3,5,5,5,2,1,4,"",185,30,2,1,"",2,"","59ef0f7cac0af70001b37077",118,851,1,"",1,NA,"",NA,3,2,2,2,2,2,4,4,4,5,5,4
"60bcfd325d6d170c712da0f6",2,"",3,4,5,4,2,2,1,1,1,4,4,3,2,1,2,"",185,25,2,1,"",3,"","60bcfd325d6d170c712da0f6",121,639,2,"",1,NA,"",NA,3,4,5,4,4,2,2,2,4,4,5,3
"5dec072f8b29322ed67cb005",1,"",2,1,1,1,2,2,2,3,4,5,5,4,2,1,1,"",185,33,1,1,"",4,"","5dec072f8b29322ed67cb005",122,1673,1,"",1,NA,"",NA,1,1,1,4,4,4,2,3,4,5,5,4
"5ccc72c54c05a40015fe81b2",1,"",5,5,5,5,4,4,2,4,5,5,4,4,2,1,3,"",185,39,2,1,"",5,"","5ccc72c54c05a40015fe81b2",123,1400,2,"",1,NA,"",NA,5,3,5,4,2,2,2,2,3,4,4,4
"5d5ad205a69ee60001437cdd",2,"",2,2,4,2,2,2,2,4,4,4,4,3,2,1,7,"Decorative",185,35,2,1,"",4,"","5d5ad205a69ee60001437cdd",124,1431,2,"",1,NA,"",NA,2,2,4,2,2,2,2,4,4,4,4,4
"5e8b1da223db8a7c65a94167",1,"",5,5,5,5,4,3,4,5,5,2,2,3,2,1,7,"Design",185,36,2,2,"polish",3,"","5e8b1da223db8a7c65a94167",126,1887,1,"",1,NA,"",NA,5,5,5,4,4,4,3,4,4,2,3,2
"5ea096efef1e8807aafbdc22",1,"",4,2,2,2,2,2,4,4,4,4,4,4,2,1,2,"",185,56,2,1,"",2,"","5ea096efef1e8807aafbdc22",127,396,1,"",1,NA,"",NA,4,4,4,2,2,2,4,4,4,4,4,4
"6077ed871eef6590d2aab4c9",1,"",4,2,4,2,1,1,4,2,4,4,5,4,2,1,7,"cleaning",185,35,2,1,"",6,"college A2 Level","6077ed871eef6590d2aab4c9",128,1216,1,"",1,NA,"",NA,4,2,2,2,1,1,4,2,3,4,5,4
"60a8fe072e5aace42a34564c",2,"",4,4,4,1,1,1,4,2,2,5,5,5,2,1,4,"",185,53,2,1,"",6,"Some university","60a8fe072e5aace42a34564c",130,1247,2,"",1,NA,"",NA,4,4,5,1,1,1,2,2,1,5,5,5
"5edec1fe543b8816c672b069",1,"",3,2,4,1,2,1,2,2,3,5,3,4,2,1,1,"",185,27,1,1,"",4,"","5edec1fe543b8816c672b069",131,396,1,"",1,NA,"",NA,2,2,3,1,2,1,4,5,4,5,4,4
"5f6a026bc836980366729c1a",1,"",2,1,1,1,2,1,5,5,5,5,5,4,1,1,7,"Hospitality",185,34,1,1,"",2,"","5f6a026bc836980366729c1a",133,1461,1,"",1,NA,"",NA,3,1,2,1,1,1,5,3,4,5,5,4
"5e404b1dd9609428b4a352c6",1,"",3,1,1,1,1,1,3,4,4,3,5,3,2,1,3,"",185,40,2,2,"Polish",4,"","5e404b1dd9609428b4a352c6",134,4018,1,"",1,NA,"",NA,1,1,1,1,1,1,3,4,4,4,5,3
"5ec81bb3ae39ce2e27c235cb",1,"",5,5,5,5,4,4,5,5,5,4,4,2,2,1,1,"",185,23,2,1,"",3,"","5ec81bb3ae39ce2e27c235cb",135,212,1,"",1,NA,"",NA,5,5,5,2,4,1,4,5,5,4,5,4
"5d5adb06731a9b0019695da5",1,"",5,4,4,2,1,1,4,5,5,5,5,5,1,2,7,"Industrial design",185,28,1,1,"",6,"Masters degree","5d5adb06731a9b0019695da5",137,851,1,"",1,NA,"",NA,5,4,5,2,3,2,4,5,5,4,5,4
"60b87f13b4031dd21417526a",2,"",2,4,4,4,4,2,5,1,4,2,3,3,1,2,5,"",185,30,1,1,"",4,"","60b87f13b4031dd21417526a",139,1826,1,"",1,NA,"",NA,2,2,4,5,4,4,1,1,1,1,1,4
"5e4d5381c5482e023caab343",1,"",2,3,3,1,2,1,4,4,4,5,5,5,2,1,3,"",185,32,2,1,"",4,"","5e4d5381c5482e023caab343",140,1004,1,"",1,NA,"",NA,2,4,4,4,4,2,4,4,5,4,4,4
"5c7148997de1dd0001e31dd7",2,"",4,2,2,2,2,1,4,4,4,5,5,5,2,1,3,"",185,54,2,1,"",4,"","5c7148997de1dd0001e31dd7",141,1612,2,"",1,NA,"",NA,4,2,2,2,1,1,2,4,4,4,4,4
"5e18a90788bbb5000b1fa144",1,"",5,4,5,4,4,4,4,4,4,4,4,2,2,1,4,"",185,36,2,1,"",4,"","5e18a90788bbb5000b1fa144",147,1581,1,"",1,NA,"",NA,5,4,4,5,5,4,2,3,3,4,3,3
"59ee565b6100f9000194abbf",1,"",4,2,4,2,1,1,5,4,4,4,5,4,2,1,3,"",185,54,1,2,"Portuguese",4,"","59ee565b6100f9000194abbf",148,3773,1,"",1,NA,"",NA,5,4,5,4,4,2,4,5,5,4,5,4
"5b2509947f7816000145fa13",1,"",2,1,1,1,1,1,4,3,4,5,5,5,2,1,3,"",185,27,2,1,"",4,"","5b2509947f7816000145fa13",150,1492,1,"",1,NA,"",NA,2,1,2,1,1,1,4,4,4,4,5,4
"60ba3ebfc9057bd9ad6c8cfa",2,"",4,4,3,2,3,1,4,3,4,5,5,5,1,2,7,"Entertainment",185,42,2,2,"German",3,"","60ba3ebfc9057bd9ad6c8cfa",152,792,1,"",1,NA,"",NA,4,3,4,3,4,2,4,2,3,1,4,4
"6064e5d663dd954062fdd23d",1,"",4,5,5,2,1,1,5,5,5,5,5,5,2,1,3,"",185,30,2,1,"",4,"","6064e5d663dd954062fdd23d",154,1734,1,"",1,NA,"",NA,5,3,3,2,1,1,5,5,5,5,5,5
"5ed18d516f7b8e0e377758fa",1,"",4,2,2,1,1,1,2,2,3,5,5,5,2,1,3,"",185,43,2,1,"",4,"","5ed18d516f7b8e0e377758fa",156,1461,1,"",1,NA,"",NA,4,4,4,2,1,1,4,4,4,4,4,4
"5f10d52a0878f040805d21cc",1,"",4,3,5,2,2,1,4,4,4,3,4,2,2,1,3,"",185,22,2,1,"",4,"","5f10d52a0878f040805d21cc",158,335,2,"",1,NA,"",NA,1,1,3,5,5,2,1,1,1,4,5,3
"5cdd2c1d19e7dc00019715eb",1,"",4,4,4,1,1,1,5,5,5,5,5,5,2,1,7,"Artisan",185,52,2,1,"",3,"","5cdd2c1d19e7dc00019715eb",159,1369,1,"",1,NA,"",NA,5,2,2,1,1,1,5,4,5,5,5,5
"5e283f576dbb560114ac7714",1,"",4,1,1,1,1,1,4,5,5,1,5,5,1,1,6,"",185,41,1,1,"",3,"","5e283f576dbb560114ac7714",160,7244,1,"",1,NA,"",NA,4,1,1,1,1,1,5,5,5,5,5,5
"5db1b1b6cd3329000ba29566",1,"",4,2,3,2,2,2,4,4,5,3,4,3,2,1,2,"",185,51,2,1,"",4,"","5db1b1b6cd3329000ba29566",161,2435,1,"",1,NA,"",NA,4,2,3,2,2,1,3,4,4,4,4,3
"60687d0766afe040543173dc",1,"",1,1,2,1,1,1,4,4,4,4,5,4,2,1,6,"",185,45,2,1,"",4,"","60687d0766afe040543173dc",162,1887,1,"",1,NA,"",NA,4,2,3,1,1,1,4,4,4,4,5,4
"5fb281e517f4eb8684e2ae21",1,"",4,2,2,2,1,1,4,4,4,3,4,1,2,1,6,"",185,25,2,1,"",3,"","5fb281e517f4eb8684e2ae21",163,1612,2,"",1,NA,"",NA,4,2,2,4,5,5,2,2,4,4,4,2
"5fe91576d92c4a04b0eec0a0",1,"",5,1,1,2,1,1,4,4,5,3,4,4,2,1,7,"Media",185,31,1,2,"Polish",4,"","5fe91576d92c4a04b0eec0a0",164,2983,1,"",1,NA,"",NA,5,1,2,5,1,5,2,5,4,5,5,4
"5e6627a7ef80c639ac28b01a",2,"",3,1,2,3,1,1,1,3,2,5,5,4,1,1,7,"Services",185,33,2,1,"",6,"Masters","5e6627a7ef80c639ac28b01a",166,1461,2,"",1,NA,"",NA,5,3,3,4,3,4,4,3,3,2,5,4
"5e1e26df2fa56205f847c84d",1,"",1,1,1,1,1,1,4,4,4,5,5,4,2,1,3,"",185,53,2,1,"",4,"","5e1e26df2fa56205f847c84d",167,7670,1,"",1,NA,"",NA,2,1,2,1,1,1,4,5,4,5,5,4
"5a4e95373646f90001741ad8",1,"",5,2,4,1,2,1,5,4,5,5,5,5,1,1,4,"",185,33,2,1,"",3,"","5a4e95373646f90001741ad8",168,1796,1,"",1,NA,"",NA,4,2,4,2,2,1,5,2,2,5,4,5
"5c74e7dff4e2ff0001d0f178",1,"",3,1,1,3,3,1,1,1,5,3,4,3,2,1,3,"",185,33,2,1,"",4,"","5c74e7dff4e2ff0001d0f178",169,1826,1,"",1,NA,"",NA,4,4,4,1,1,1,5,4,5,3,3,3
"6048c443f28cf6b66464af0b",1,"",4,2,3,3,1,1,4,5,5,3,4,3,2,1,3,"",185,48,2,1,"",6,"BTEC 6","6048c443f28cf6b66464af0b",170,5206,1,"",1,NA,"",NA,4,2,3,4,2,2,3,5,5,3,4,3
"5ed7eeb23bd5ce10aa564cd2",2,"",3,4,4,2,4,2,4,5,5,5,5,4,1,1,4,"",185,38,2,1,"",4,"","5ed7eeb23bd5ce10aa564cd2",173,974,2,"",1,NA,"",NA,4,2,3,1,2,1,4,4,5,5,5,4
"60299d096ab1b93a43d650a7",1,"",5,2,2,1,1,1,4,2,4,5,5,5,2,1,7,"translation",185,25,2,1,"",4,"","60299d096ab1b93a43d650a7",175,243,1,"",1,NA,"",NA,5,4,4,1,1,1,5,5,5,5,5,4
"5d791761790bf400014122ec",1,"",4,3,2,2,2,2,4,4,4,4,5,4,2,1,4,"",185,35,2,2,"Romanian",2,"","5d791761790bf400014122ec",178,1247,1,"",1,NA,"",NA,4,3,3,4,4,2,4,4,4,4,4,4
"5f2f02342d7fa52ce64ed570",1,"",4,2,4,1,4,1,4,5,5,5,5,5,2,1,3,"",185,24,2,1,"",4,"","5f2f02342d7fa52ce64ed570",179,578,1,"",1,NA,"",NA,4,4,4,3,3,2,4,4,4,4,5,4
"605c587ecafedbb7875df03c",2,"",4,3,5,2,4,2,4,4,4,2,4,4,2,1,5,"",185,24,1,2,"Hungarian",3,"","605c587ecafedbb7875df03c",181,273,2,"",1,NA,"",NA,4,4,4,3,4,3,4,3,4,3,2,3
"5d2a0afeb798d8001a81ec16",1,"",3,1,3,1,1,1,1,4,2,5,5,5,2,2,7,"Health",185,42,2,1,"",3,"","5d2a0afeb798d8001a81ec16",183,578,1,"",1,NA,"",NA,4,1,2,1,1,1,5,5,5,5,5,5
"587cd724911dd80001eda4a8",1,"",2,2,2,1,1,1,4,4,5,3,5,3,2,1,1,"",185,48,1,1,"",2,"","587cd724911dd80001eda4a8",184,7883,1,"",1,NA,"",NA,4,4,4,1,1,1,4,5,5,4,5,2
"5c55e74e6aefef0001ea6e0d",2,"",4,1,1,3,2,2,2,2,2,5,5,5,2,1,4,"",185,42,2,1,"",6,"DipHE","5c55e74e6aefef0001ea6e0d",185,1492,2,"",1,NA,"",NA,2,1,1,2,1,1,1,3,2,5,5,5
"5eac68edf4aabc0e6da37936",2,"",3,1,1,1,1,1,3,2,4,5,5,5,2,1,7,"Events",185,36,2,1,"",2,"","5eac68edf4aabc0e6da37936",186,2677,1,"",1,NA,"",NA,3,1,2,2,2,1,2,2,1,5,4,4
"6009c2e026bf46086f1c7267",1,"",4,2,3,1,2,1,4,5,4,5,5,5,2,1,4,"",185,57,2,1,"",2,"","6009c2e026bf46086f1c7267",187,1216,1,"",1,NA,"",NA,4,2,2,1,1,1,4,5,5,5,5,5
"5a7ee411190420000155c2ca",1,"",2,1,1,1,1,1,3,2,2,5,5,4,2,1,3,"",185,37,2,1,"",4,"","5a7ee411190420000155c2ca",188,1157,1,"",1,NA,"",NA,2,1,2,2,5,2,1,1,1,5,5,4
"60ba6f0ee7ba3e4e24bdf35f",1,"",4,4,4,2,1,1,2,2,2,4,4,4,2,1,1,"",185,26,1,1,"",4,"","60ba6f0ee7ba3e4e24bdf35f",189,335,1,"",1,NA,"",NA,4,3,4,4,2,2,2,2,2,4,4,4
"5fb3b0c6cb242d000a9c0311",2,"",3,1,1,1,1,1,4,3,4,5,5,4,2,1,2,"",185,28,2,1,"",4,"","5fb3b0c6cb242d000a9c0311",190,243,2,"",1,NA,"",NA,4,1,1,1,1,1,5,3,4,5,5,5
"5e25b9cb801e96807c6d9060",1,"",1,1,1,1,1,1,4,4,4,5,5,4,2,1,7,"Marketing",185,36,2,1,"",2,"","5e25b9cb801e96807c6d9060",191,2800,1,"",1,NA,"",NA,3,1,2,1,1,1,5,5,5,5,5,4
"60a92ac43392fcba5e1fbbc1",1,"",5,5,5,1,1,1,5,2,4,5,5,5,2,1,4,"",185,22,2,2,"Polish",4,"","60a92ac43392fcba5e1fbbc1",193,212,1,"",1,NA,"",NA,5,5,5,3,2,1,4,2,5,5,5,5
"5aa575ebb5e2110001c72fa3",1,"",3,2,4,1,1,1,5,4,4,5,5,4,2,2,7,"personal services, photography",185,34,2,1,"",4,"","5aa575ebb5e2110001c72fa3",194,3014,1,"",1,NA,"",NA,4,3,4,1,1,1,5,5,5,4,4,4
"57cd92663be60c00010155a8",2,"",1,1,1,1,1,1,2,4,2,4,4,3,2,1,4,"",185,57,2,1,"",2,"","57cd92663be60c00010155a8",196,731,2,"",1,NA,"",NA,5,2,4,3,1,1,5,5,5,2,4,2
"5894ebdb98a0770001372404",2,"",4,2,2,2,2,1,4,4,4,4,4,4,2,1,1,"",185,37,2,1,"",4,"","5894ebdb98a0770001372404",199,1492,1,"",1,NA,"",NA,4,2,3,2,2,2,4,4,4,4,4,4
"5e3aa9e1764672000d62723d",1,"",4,1,2,1,1,1,5,5,5,5,5,5,2,1,1,"",185,38,2,1,"",3,"","5e3aa9e1764672000d62723d",200,2284,1,"",1,NA,"",NA,4,1,1,1,1,1,5,5,5,5,5,5
"5cd59823d88b4400207b467c",1,"",4,4,5,4,2,2,3,4,4,5,5,5,2,1,1,"",185,53,1,1,"",2,"","5cd59823d88b4400207b467c",204,4291,1,"",1,NA,"",NA,5,5,5,4,3,3,3,5,5,5,5,4
"5db05d7b5f543b00171fb6cf",1,"",2,2,3,2,1,1,2,2,3,4,5,4,2,2,4,"",185,30,2,1,"",4,"","5db05d7b5f543b00171fb6cf",208,426,1,"",1,NA,"",NA,5,4,4,5,4,4,2,2,4,3,4,4
"5f23394faebe5e0daf74ce61",1,"",4,2,3,2,2,2,4,5,5,4,5,4,2,1,1,"",185,44,2,1,"",4,"","5f23394faebe5e0daf74ce61",209,7822,1,"",1,NA,"",NA,4,2,4,2,3,3,4,5,5,4,5,4
"57db358d631235000138ab6f",1,"",4,2,3,4,1,1,5,3,2,5,3,4,2,1,4,"",185,37,2,1,"",4,"","57db358d631235000138ab6f",210,273,1,"",1,NA,"",NA,4,4,5,3,2,2,2,3,3,2,2,2
"5c1aa6140050410001f1be88",2,"",4,4,5,2,2,2,4,3,3,5,5,4,2,1,2,"",185,53,2,1,"",4,"","5c1aa6140050410001f1be88",211,2677,1,"",1,NA,"",NA,5,5,5,4,3,3,4,4,4,4,4,4
"5ebc0321691918042b4566ca",2,"",4,3,3,1,1,1,5,4,4,5,5,3,2,2,5,"",185,51,1,1,"",3,"","5ebc0321691918042b4566ca",212,2922,2,"",1,NA,"",NA,4,2,3,2,2,1,3,1,3,4,4,3
"6005f8260fead291c70fc06e",2,"",1,1,1,4,1,1,1,4,4,4,3,2,2,1,1,"",185,45,1,1,"",4,"","6005f8260fead291c70fc06e",213,5084,2,"",1,NA,"",NA,2,1,1,4,1,2,2,4,5,3,2,3
"5ff1d59efd62fb5f5eb90cfc",1,"",4,3,4,2,3,1,3,3,4,5,5,5,2,2,7,"",185,26,2,2,"Romanian",4,"","5ff1d59efd62fb5f5eb90cfc",214,731,1,"",1,NA,"",NA,5,3,3,3,4,5,2,3,4,3,5,3
"5a623dabb9e3b50001a6e09e",2,"",3,2,2,2,3,3,3,3,3,4,4,4,2,1,4,"",185,52,2,1,"",4,"","5a623dabb9e3b50001a6e09e",215,2131,2,"",1,NA,"",NA,3,1,1,1,1,1,3,3,3,3,3,3
"5afde9de3eb22c00019bb6e3",1,"",4,5,5,3,3,2,4,4,4,3,4,3,2,1,3,"",185,59,1,1,"",6,"Masters degree","5afde9de3eb22c00019bb6e3",218,8462,1,"",1,NA,"",NA,5,5,5,4,3,2,3,4,3,3,3,3
"609a852efce87dee0b28742f",1,"",2,2,4,1,1,1,4,5,5,5,5,2,2,1,1,"",185,33,2,1,"",2,"","609a852efce87dee0b28742f",219,823,1,"",1,NA,"",NA,2,2,4,2,1,1,4,5,4,3,4,4
"5e453c5cb1a5c9000db105da",1,"",2,2,2,1,1,1,5,5,5,4,4,5,1,2,4,"",185,39,2,1,"",2,"","5e453c5cb1a5c9000db105da",221,1673,1,"",1,NA,"",NA,3,3,3,3,2,2,4,5,5,4,4,4
"5c070c6a3be61100011a29cc",1,"",4,3,4,2,2,1,4,2,4,1,5,4,2,1,3,"",185,32,1,1,"",3,"","5c070c6a3be61100011a29cc",222,1704,1,"",1,NA,"",NA,4,2,2,2,2,2,4,2,4,4,5,3
"5f38712d84d5ad38f0db00d7",2,"",3,2,2,1,1,1,5,5,5,5,4,5,1,1,7,"Events industry/entertainment",185,26,2,1,"",4,"","5f38712d84d5ad38f0db00d7",223,1492,2,"",1,NA,"",NA,4,2,4,1,1,1,5,5,5,4,4,5
"59a52c18514a2200017e6b2e",2,"",1,1,1,1,1,1,3,4,4,5,5,5,2,1,4,"",185,46,1,1,"",4,"","59a52c18514a2200017e6b2e",224,7456,2,"",1,NA,"",NA,4,1,2,2,2,1,4,4,5,5,5,5
"54847094fdf99b0379939c8e",2,"",4,1,1,1,1,1,2,4,4,3,4,2,2,1,7,"Literature",185,59,2,1,"",2,"","54847094fdf99b0379939c8e",225,4049,2,"",1,NA,"",NA,2,1,2,1,3,1,3,1,1,4,4,4
"60bcdd68a4f3006ff2650ec6",2,"",3,1,2,4,2,1,5,4,4,3,5,3,2,1,4,"",185,31,2,1,"",2,"","60bcdd68a4f3006ff2650ec6",226,212,2,"",1,NA,"",NA,3,2,4,1,2,1,2,4,4,4,5,4
"5e36e9b2001ff86723fb8056",1,"",4,1,1,1,1,1,4,4,4,5,5,4,1,2,2,"",187,33,1,1,"",4,"","5e36e9b2001ff86723fb8056",228,1247,1,"",1,NA,"",NA,4,2,2,1,1,1,4,4,4,5,5,5
"5ef7d6c359b38851de122110",1,"",4,2,2,3,2,1,4,3,4,4,5,4,2,1,4,"",185,23,1,1,"",3,"","5ef7d6c359b38851de122110",229,426,1,"",1,NA,"",NA,3,3,3,4,3,2,4,3,4,4,4,2
"5f43b6e1692cc6622a68e09f",2,"",3,3,3,2,1,1,2,4,3,4,4,4,2,1,7,"Graphic Design",185,25,2,1,"",4,"","5f43b6e1692cc6622a68e09f",233,396,1,"",1,NA,"",NA,3,3,4,3,2,1,3,4,4,4,4,4
"5c5cb335c378220001e5ed9b",1,"",4,2,3,3,2,2,2,3,4,4,4,4,2,1,1,"",185,54,1,1,"",3,"","5c5cb335c378220001e5ed9b",236,1553,1,"",1,NA,"",NA,4,2,2,2,2,2,4,3,4,4,4,4
"5bc4b5e33b998700018140c9",1,"",2,2,1,1,2,1,4,3,2,4,5,5,2,1,7,"entertainment",185,30,1,2,"Greek",4,"","5bc4b5e33b998700018140c9",237,3195,1,"",1,NA,"",NA,2,1,1,1,1,1,5,5,5,5,5,4
"5e3603bb6d19d85b6768880e",2,"",4,1,1,1,4,1,4,2,5,5,5,5,2,1,1,"",185,32,1,2,"Finnish",4,"","5e3603bb6d19d85b6768880e",238,2496,2,"",1,NA,"",NA,4,2,1,1,1,1,2,2,4,5,5,5
"5e136526b199e499e81522c7",1,"",5,2,4,1,1,1,5,5,5,5,5,5,2,1,2,"",185,53,1,1,"",4,"","5e136526b199e499e81522c7",239,2618,1,"",1,NA,"",NA,4,3,4,1,1,1,5,5,5,5,5,5
"5c7b2a3df48c6d0016f6fb70",2,"",3,1,1,2,3,3,3,3,3,2,4,3,1,2,2,"",185,40,1,1,"",4,"","5c7b2a3df48c6d0016f6fb70",240,1369,1,"",1,NA,"",NA,4,2,3,2,2,3,4,3,4,5,4,4
"5dd2e804848b0f2fe878c6e1",1,"",2,2,2,1,1,1,4,4,4,4,3,4,2,1,4,"",185,46,2,1,"",4,"","5dd2e804848b0f2fe878c6e1",241,2496,1,"",1,NA,"",NA,5,3,5,5,3,3,5,5,5,4,5,3
"5fcc9ac5f05d9407efcbb852",1,"",4,4,5,4,4,4,4,2,5,2,3,3,2,1,7,"Maintenance",185,40,1,1,"",3,"","5fcc9ac5f05d9407efcbb852",244,2192,2,"",1,NA,"",NA,4,4,4,4,1,1,5,4,5,2,2,2
"60b93dbc8ff56ba91e07c174",1,"",4,1,1,1,1,1,1,4,2,2,4,2,2,1,4,"",185,55,2,1,"",4,"","60b93dbc8ff56ba91e07c174",245,457,1,"",1,NA,"",NA,2,1,1,1,1,1,1,4,5,3,5,3
"60b781b3e731a3ac2c60949e",1,"",4,2,4,2,1,1,3,1,2,5,5,5,1,2,7,"Entertainment and events",185,34,1,1,"",2,"","60b781b3e731a3ac2c60949e",246,2618,1,"",1,NA,"",NA,4,3,3,2,1,1,3,4,2,5,5,4
"5f9ac21781712420577377a3",2,"",5,4,5,2,3,2,4,5,4,4,3,4,2,1,4,"",185,41,1,1,"",4,"","5f9ac21781712420577377a3",248,517,1,"",1,NA,"",NA,5,4,5,2,2,1,5,4,5,4,3,4
"60b92600f63b7181a71b0555",2,"",4,4,4,2,2,5,1,1,3,5,5,5,2,1,7,"Design",185,26,2,1,"",4,"","60b92600f63b7181a71b0555",250,3073,1,"",1,NA,"",NA,5,4,5,3,2,4,1,1,4,4,4,3
"588c78b3670d6600012bd769",1,"",5,2,4,4,4,4,4,4,4,4,2,3,1,2,1,"",185,52,2,1,"",5,"","588c78b3670d6600012bd769",252,4018,1,"",1,NA,"",NA,5,3,4,4,4,3,3,4,4,3,3,3
"5fa83d9a582cca6829c0a293",1,"",3,4,4,4,3,3,1,1,3,4,5,2,2,1,7,"Food",185,24,2,1,"",4,"","5fa83d9a582cca6829c0a293",253,273,1,"",1,NA,"",NA,2,3,3,4,4,4,1,1,2,4,5,4
"5e31717aed5a2b15fc306461",1,"",4,2,2,2,2,2,2,3,3,4,5,4,2,1,4,"",185,50,2,1,"",4,"","5e31717aed5a2b15fc306461",254,5752,1,"",1,NA,"",NA,4,2,2,1,1,1,2,4,4,4,5,4
"609408e1ef7e7d611c5a06ac",1,"",4,4,3,1,1,1,5,5,5,5,5,5,1,1,2,"",185,37,1,1,"",3,"","609408e1ef7e7d611c5a06ac",255,304,2,"",1,NA,"",NA,5,4,4,2,3,1,5,5,5,5,3,5
"5c3f18cf105d550001417ef0",1,"",4,4,4,1,1,1,5,4,4,5,5,4,2,1,6,"",185,57,1,1,"",2,"","5c3f18cf105d550001417ef0",256,5540,1,"",1,NA,"",NA,4,2,4,1,1,1,5,4,4,4,5,3
"5fc2c5785af10c50f14a46f6",1,"",2,1,2,1,1,1,5,5,5,5,5,5,1,1,7,"legal",185,57,2,1,"",4,"","5fc2c5785af10c50f14a46f6",259,7578,1,"",1,NA,"",NA,4,1,2,1,1,1,5,5,5,5,5,5
"5e98ccf370194e0f49a1333b",2,"",4,2,3,2,2,1,4,4,4,5,5,5,1,1,7,"law",185,51,1,1,"",4,"","5e98ccf370194e0f49a1333b",260,9009,1,"",1,NA,"",NA,4,2,4,2,2,1,4,4,5,5,5,4
"5e3810e4b575a301801eff16",1,"",4,4,4,2,1,1,4,4,5,4,4,4,2,1,7,"Art and Design",185,42,2,1,"",4,"","5e3810e4b575a301801eff16",263,2039,1,"",1,NA,"",NA,4,2,3,2,2,2,4,4,4,4,4,4
"5ef1bb10c673fd7d2d14e439",2,"",5,4,4,4,2,1,4,5,5,2,4,2,2,1,7,"Arts",185,38,2,1,"",4,"","5ef1bb10c673fd7d2d14e439",264,2435,2,"",1,NA,"",NA,5,4,5,5,3,3,4,5,5,4,4,1
"5e779000d2c7152f7f209b75",2,"",4,4,5,4,2,2,3,4,4,4,4,4,2,1,7,"Photography",185,40,2,1,"",4,"","5e779000d2c7152f7f209b75",267,2131,2,"",1,NA,"",NA,4,4,4,4,2,2,2,4,4,3,4,4
"60ba8ffcb1b08eb8b592b519",1,"",4,1,2,1,2,1,1,1,1,5,5,4,2,1,6,"",185,37,1,1,"",3,"","60ba8ffcb1b08eb8b592b519",268,1066,1,"",1,NA,"",NA,4,2,2,1,1,1,2,2,2,5,5,4
"5e0fd52b7bf5726e3699d2df",1,"",2,1,2,4,4,2,4,4,5,5,5,4,2,1,4,"",185,37,2,1,"",4,"","5e0fd52b7bf5726e3699d2df",269,1157,1,"",1,NA,"",NA,4,2,2,3,2,2,2,4,5,4,4,5
"5e6fe29ad2723d5b0a04bb69",2,"",4,4,4,2,2,2,5,4,5,4,5,4,1,1,7,"Arts and crafts",185,23,2,1,"",4,"","5e6fe29ad2723d5b0a04bb69",272,1096,2,"",1,NA,"",NA,5,4,4,2,2,1,5,5,5,4,4,4
"55d07cce34e906000ae56427",1,"",2,1,1,4,4,4,1,4,4,4,5,4,2,1,7,"taxi",185,56,1,1,"",4,"","55d07cce34e906000ae56427",273,1857,1,"",1,NA,"",NA,2,2,2,4,4,4,2,5,5,5,5,4
"5bfe0d18e373c90001b57c71",1,"",5,2,5,2,1,1,5,3,5,4,5,3,2,1,7,"Graphic Design",185,56,2,1,"",4,"","5bfe0d18e373c90001b57c71",275,5479,1,"",1,NA,"",NA,5,5,5,3,1,1,3,2,2,4,5,2
"5c34861eec9d85000182c40c",1,"",4,2,2,1,1,1,4,4,3,4,5,4,2,1,4,"",185,67,2,1,"",2,"","5c34861eec9d85000182c40c",277,3073,1,"",1,NA,"",NA,4,2,2,1,2,1,4,5,4,5,5,4
"5ca1f7ca51673e0016843676",1,"",4,4,5,1,1,1,5,5,5,3,4,3,2,1,4,"",185,46,2,1,"",4,"","5ca1f7ca51673e0016843676",279,6483,1,"",1,NA,"",NA,4,4,5,2,1,1,5,3,3,2,4,3
"5d59991ea174350019405d9c",1,"",5,5,5,5,3,3,3,3,5,3,3,3,2,1,4,"",185,48,1,1,"",4,"","5d59991ea174350019405d9c",280,2800,1,"",1,NA,"",NA,5,5,5,1,1,1,3,3,4,4,4,3
"588780269c4f3f00010f0e5c",1,"",2,1,1,1,3,2,2,3,2,4,4,3,2,1,5,"",185,68,1,1,"",4,"","588780269c4f3f00010f0e5c",281,1522,1,"",1,NA,"",NA,2,1,1,3,3,1,2,4,3,3,4,3
"5f2c2b2e4d46190913d07955",2,"",2,4,3,2,1,1,2,3,3,2,4,3,2,1,3,"",185,62,2,1,"",4,"","5f2c2b2e4d46190913d07955",282,4018,2,"",1,NA,"",NA,3,3,4,4,3,1,2,3,3,3,5,3
"5c99e6372fd6f10015547681",1,"",3,3,4,2,2,2,4,4,4,4,4,4,2,1,6,"",185,52,1,2,"Welsh",3,"","5c99e6372fd6f10015547681",284,11992,1,"",1,NA,"",NA,4,2,3,2,2,3,4,5,5,4,4,3
"5ed6cce1cd4ef9015c935786",1,"",4,1,2,1,1,1,5,5,5,5,5,5,2,1,3,"",185,32,2,1,"",4,"","5ed6cce1cd4ef9015c935786",285,1339,1,"",1,NA,"",NA,2,1,3,1,1,1,5,5,5,5,5,5
"5fdf36fca4feb073b76da5e9",1,"",4,3,3,1,1,1,5,4,5,5,5,5,1,2,7,"Entertainment",185,39,1,1,"",4,"","5fdf36fca4feb073b76da5e9",286,4534,1,"",1,NA,"",NA,4,3,4,3,2,1,5,2,5,5,5,5
"5aafd9eff69e940001d88bf4",1,"",5,5,5,5,5,1,4,5,5,3,4,3,2,1,7,"Design/luxury items",185,55,2,1,"",4,"","5aafd9eff69e940001d88bf4",288,4414,1,"",1,NA,"",NA,5,5,5,4,3,2,4,5,5,3,2,2
"571b3de05d40840013c49f3a",1,"",4,4,5,1,1,1,2,2,3,5,4,4,2,1,7,"creative arts",185,32,2,1,"",4,"","571b3de05d40840013c49f3a",289,609,1,"",1,NA,"",NA,5,4,4,2,2,1,2,4,4,4,5,5
"606f4b2401884c3f37ba85c5",1,"",5,1,1,1,1,1,5,5,5,5,5,4,2,1,2,"",185,48,1,1,"",5,"","606f4b2401884c3f37ba85c5",290,3957,1,"",1,NA,"",NA,4,1,3,2,1,1,4,4,4,5,5,4
"5c152ee06d1ac9000102b1cb",1,"",4,3,4,4,2,2,5,4,5,2,3,2,2,1,7,"Teaching sewing, alterations, dressmaking,  sewing",185,48,2,1,"",3,"","5c152ee06d1ac9000102b1cb",291,1492,1,"",1,NA,"",NA,5,2,5,2,4,2,1,5,5,2,4,2
"5c8651b69a306000016f7c35",1,"",4,4,5,4,2,1,3,4,4,3,3,2,2,1,4,"",185,46,1,1,"",4,"","5c8651b69a306000016f7c35",293,5145,1,"",1,NA,"",NA,5,5,5,5,2,2,4,3,3,2,2,2
"5c506dc03f7ad20001037252",1,"",3,2,3,2,2,2,4,5,5,4,4,5,2,1,7,"Art and design",185,45,2,2,"Dutch",4,"","5c506dc03f7ad20001037252",294,670,1,"",1,NA,"",NA,4,3,4,2,2,2,3,4,4,2,4,4
"57444be32801a2000d7a75e9",1,"",4,1,2,1,1,1,4,2,4,5,5,5,2,1,5,"",185,35,2,1,"",2,"","57444be32801a2000d7a75e9",295,1127,1,"",1,NA,"",NA,4,2,4,2,2,2,3,3,3,4,3,3
"587372cbe16d530001b34ed8",2,"",1,1,1,1,1,1,5,5,5,5,5,5,2,1,3,"",185,45,1,1,"",3,"","587372cbe16d530001b34ed8",296,365,2,"",1,NA,"",NA,3,2,5,5,4,4,1,1,1,5,5,4
"58efec0c95e1480001305bd2",1,"",2,1,2,1,1,1,5,5,5,5,5,5,2,1,4,"",185,49,2,1,"",2,"","58efec0c95e1480001305bd2",297,3165,1,"",1,NA,"",NA,4,1,2,1,1,1,4,4,4,5,5,5
"5c9355225be2830001f8d948",1,"",4,1,2,1,1,1,5,5,5,5,5,5,2,1,7,"Fitness",185,37,2,1,"",3,"","5c9355225be2830001f8d948",300,1369,1,"",1,NA,"",NA,5,3,3,2,1,1,3,2,4,5,5,4
"58a36e4bd6a2220001178ed1",2,"",5,4,4,1,1,1,5,5,5,5,5,5,2,1,7,"Arts",185,28,2,1,"",4,"","58a36e4bd6a2220001178ed1",301,548,2,"",1,NA,"",NA,4,3,4,2,1,1,2,1,5,5,5,4
"5cefd79bc37f4f0018de98da",1,"",5,5,5,1,1,1,5,4,5,5,5,2,2,1,7,"Art",185,33,1,1,"",4,"","5cefd79bc37f4f0018de98da",302,1431,1,"",1,NA,"",NA,5,5,5,1,1,1,5,5,5,5,5,4
"5e690f83d1e0d41a69f00db8",2,"",1,2,2,2,2,1,2,4,4,4,5,4,1,2,2,"",185,25,1,1,"",5,"","5e690f83d1e0d41a69f00db8",303,1553,2,"",1,NA,"",NA,2,1,2,2,1,2,5,4,4,4,5,5
"5b9f8b4243bf0500015deb50",1,"",5,5,5,5,5,4,2,4,4,2,2,2,2,1,7,"Hospitality",185,55,2,1,"",3,"","5b9f8b4243bf0500015deb50",304,1734,1,"",1,NA,"",NA,4,4,4,5,2,2,5,5,4,5,5,4
"60a8a19d5edb559ca4a1e237",1,"",5,2,4,1,1,1,4,1,3,5,5,5,2,1,4,"",185,41,2,1,"",2,"","60a8a19d5edb559ca4a1e237",305,2496,1,"",1,NA,"",NA,5,4,4,2,1,1,4,2,4,5,5,5
"5dcddf9f4d51e40a5292727d",1,"",3,1,1,1,1,1,4,4,3,4,4,4,2,1,7,"arts",185,52,1,1,"",4,"","5dcddf9f4d51e40a5292727d",307,3439,1,"",1,NA,"",NA,2,1,2,1,1,1,3,4,4,2,5,3
"5e3d27a2e6e96910f09f3aa8",2,"",4,2,3,4,3,1,2,4,4,4,4,4,2,1,4,"",185,29,1,1,"",4,"","5e3d27a2e6e96910f09f3aa8",308,426,2,"",1,NA,"",NA,4,3,4,3,2,2,2,4,4,4,4,4
"60a2d6fbeab6230c98822a83",2,"",4,4,4,2,1,1,4,4,4,5,5,4,2,1,4,"",185,37,2,1,"",4,"","60a2d6fbeab6230c98822a83",309,151,2,"",1,NA,"",NA,2,2,2,1,1,1,2,2,4,5,5,5
"60b8ba78d542997c6da77923",1,"",2,2,2,3,4,3,4,2,2,5,4,4,2,1,4,"",185,32,1,1,"",2,"","60b8ba78d542997c6da77923",310,426,2,"",1,NA,"",NA,2,3,4,2,4,2,2,2,2,5,5,5
"59e71a3b1ac65d0001eb47ac",1,"",2,1,1,1,1,1,4,5,3,4,4,3,2,2,2,"",185,46,2,1,"",4,"","59e71a3b1ac65d0001eb47ac",313,7060,1,"",1,NA,"",NA,1,1,1,1,1,1,4,4,4,3,5,2
"6042a74a8f512c1d2f31aa65",1,"",1,1,3,1,2,1,2,4,4,3,4,2,2,1,7,"Marketing",185,35,1,1,"",2,"","6042a74a8f512c1d2f31aa65",314,92,1,"",1,NA,"",NA,3,2,3,1,2,1,1,2,3,3,4,4
"563fecf4074be600055e98c7",1,"",4,4,4,1,2,1,2,3,4,5,5,5,2,2,4,"",185,60,2,1,"",5,"","563fecf4074be600055e98c7",315,3500,1,"",1,NA,"",NA,4,5,5,1,1,1,4,5,5,5,5,4
"5f16c949246faf23e33a0d22",1,"",4,2,2,4,4,4,3,5,5,2,4,1,2,1,4,"",185,64,2,1,"",4,"","5f16c949246faf23e33a0d22",319,1522,1,"",1,NA,"",NA,5,2,2,2,4,2,3,4,4,3,4,2
"60abbb05288f7eeb1312c3b7",2,"",3,1,1,1,1,1,2,2,2,5,5,5,2,1,4,"",185,41,2,1,"",4,"","60abbb05288f7eeb1312c3b7",320,2739,2,"",1,NA,"",NA,2,1,2,1,1,1,1,4,2,5,5,5
"5ef26aa64546750cfaf3c87b",2,"",5,5,5,4,2,3,4,5,5,5,4,4,2,1,7,"Complementary therapy",185,46,2,1,"",6,"Post Graduate","5ef26aa64546750cfaf3c87b",322,457,2,"",1,NA,"",NA,5,5,5,4,3,3,2,5,4,4,4,4
"5e54c7fc2394ea4c99f88987",2,"",2,3,2,1,1,1,5,5,5,5,5,5,2,1,7,"Arts",185,33,2,1,"",3,"","5e54c7fc2394ea4c99f88987",323,1066,2,"",1,NA,"",NA,2,3,2,1,1,1,5,5,5,5,5,5
"57404490d700ea000ef44990",1,"",3,2,3,1,1,1,4,4,4,4,4,4,2,1,2,"",185,47,2,1,"",4,"","57404490d700ea000ef44990",324,2465,1,"",1,NA,"",NA,3,3,3,1,1,1,4,4,4,3,4,4
"5ded4aa2caeb6041ea113abe",2,"",4,3,4,4,3,3,3,4,4,5,5,5,2,1,1,"",185,42,1,1,"",3,"","5ded4aa2caeb6041ea113abe",326,2253,2,"",1,NA,"",NA,4,4,5,3,2,1,4,5,5,5,3,3
"542bdb6dfdf99b324ea37c3a",1,"",3,3,3,3,3,3,3,3,3,3,3,3,2,1,6,"",185,50,1,1,"",4,"","542bdb6dfdf99b324ea37c3a",330,7914,1,"",1,NA,"",NA,2,2,2,3,3,3,3,3,3,3,3,3
"5ba0181462e04c0001f76d2b",1,"",1,1,1,1,1,1,4,5,5,4,4,3,2,1,3,"",185,51,2,1,"",4,"","5ba0181462e04c0001f76d2b",331,6848,1,"",1,NA,"",NA,1,1,1,1,1,1,3,5,4,4,5,3
"5ec39be059dafe01d81ffaf0",1,"",4,2,3,1,1,1,5,5,5,4,4,3,2,2,7,"Hospitality",185,64,1,1,"",4,"","5ec39be059dafe01d81ffaf0",332,1826,1,"",1,NA,"",NA,3,2,2,1,1,1,4,5,5,4,4,4
"57cdc1afa4804100018b5c34",1,"",4,1,2,1,1,1,5,5,5,5,5,5,2,1,3,"",185,37,2,1,"",4,"","57cdc1afa4804100018b5c34",333,1978,1,"",1,NA,"",NA,4,1,4,1,2,1,4,5,4,5,5,4
"5c5b55ce32810e0001c3456b",1,"",5,1,4,1,1,1,4,3,4,4,4,4,2,1,3,"",185,53,1,1,"",5,"","5c5b55ce32810e0001c3456b",334,3318,1,"",1,NA,"",NA,5,1,5,3,1,1,5,4,4,3,2,3
"60526ca52273fdff8fc728ea",1,"",3,4,3,2,2,1,3,2,2,5,4,4,2,1,3,"",185,41,2,2,"Slovak",4,"","60526ca52273fdff8fc728ea",335,2131,1,"",1,NA,"",NA,3,3,4,3,2,1,5,5,5,4,4,4
"5eba7de23468ad1cc5f33160",2,"",1,1,1,1,1,1,5,1,4,5,5,5,1,1,2,"",185,23,1,2,"Shona",4,"","5eba7de23468ad1cc5f33160",336,2343,2,"",1,NA,"",NA,5,2,1,1,1,1,5,2,4,5,5,4
"59a13bc2c9281e0001c1b9f2",2,"",4,3,2,4,4,3,2,2,4,5,5,5,2,1,4,"",185,38,2,1,"",3,"","59a13bc2c9281e0001c1b9f2",338,4840,2,"",1,NA,"",NA,5,4,4,4,5,4,2,4,5,5,4,4
"5d9ca4eff93dba0013e68c11",1,"",5,2,4,1,1,1,5,4,4,5,5,4,2,1,2,"",185,44,1,2,"Russian",4,"","5d9ca4eff93dba0013e68c11",341,6545,1,"",1,NA,"",NA,5,2,4,2,2,2,5,4,4,5,5,4
"57c8f79aa4804100018b5864",1,"",4,1,3,2,1,1,4,2,2,5,4,5,2,1,3,"",185,30,2,1,"",6,"Masters Degree","57c8f79aa4804100018b5864",342,2830,1,"",1,NA,"",NA,5,3,4,1,2,1,4,3,4,4,4,4
"546878f8fdf99b1dac305237",2,"",4,5,5,2,1,1,5,5,5,5,5,4,2,1,1,"",185,54,2,1,"",2,"","546878f8fdf99b1dac305237",345,6270,1,"",1,NA,"",NA,4,4,5,1,1,1,5,5,5,4,5,4
"5e650fec316ae12828fbf5dd",1,"",3,2,2,2,2,2,4,4,4,4,4,5,2,1,2,"",185,27,1,1,"",2,"","5e650fec316ae12828fbf5dd",349,974,1,"",1,NA,"",NA,3,4,4,2,4,3,5,5,4,4,4,3
"607ca741fd54ce0bd3846328",2,"",4,3,4,1,1,1,4,5,5,5,5,5,2,1,4,"",185,28,2,1,"",4,"","607ca741fd54ce0bd3846328",351,151,1,"",1,NA,"",NA,4,2,3,1,1,1,4,3,5,5,5,4
"5eff51c5bfbd094cb6252800",2,"",4,2,4,3,3,1,3,2,5,5,3,4,2,1,7,"Art/Engineering/Photography",185,34,1,1,"",4,"","5eff51c5bfbd094cb6252800",352,2861,2,"",1,NA,"",NA,4,2,3,2,4,4,4,5,5,4,5,3
"5fb23fd48dca1e7c35563adb",2,"",2,1,1,2,2,2,4,5,5,4,5,4,2,1,3,"",185,51,1,1,"",4,"","5fb23fd48dca1e7c35563adb",354,4079,2,"",1,NA,"",NA,4,1,1,2,2,1,2,4,2,4,5,4
"59a734ce0c87a000017481ed",1,"",4,4,5,3,3,3,4,4,4,4,4,3,2,1,7,"[ersonal services",185,32,2,1,"",2,"","59a734ce0c87a000017481ed",356,2131,1,"",1,NA,"",NA,5,5,5,4,3,3,4,4,4,4,3,3
"5eb59589076e4745250148ed",1,"",1,4,4,1,1,1,1,2,1,5,5,5,2,1,7,"Legal support and publishing",185,53,1,1,"",4,"","5eb59589076e4745250148ed",357,1704,1,"",1,NA,"",NA,1,4,4,2,1,1,4,2,3,5,5,4
"60a9e6a82ed02743f75de3cf",1,"",4,1,2,1,4,1,4,3,2,5,5,5,2,1,2,"",185,51,1,1,"",3,"","60a9e6a82ed02743f75de3cf",358,2618,1,"",1,NA,"",NA,4,1,3,1,2,1,3,5,4,5,5,4
"60a4e31672ced8b0729cb841",1,"",5,3,5,1,1,1,3,5,3,5,5,2,2,1,4,"",185,47,2,2,"Vietnamese",4,"","60a4e31672ced8b0729cb841",359,1978,1,"",1,NA,"",NA,5,3,4,1,1,1,5,5,3,3,5,3
"5f6fb3e1e5d748575a2cff99",1,"",3,4,2,3,3,3,2,2,3,3,3,3,2,1,3,"",185,26,2,1,"",4,"","5f6fb3e1e5d748575a2cff99",360,1369,2,"",1,NA,"",NA,2,3,4,3,3,3,3,4,3,3,2,3
"60679e79f2b5308270852ade",2,"",3,4,5,2,1,1,4,4,4,2,3,2,2,1,1,"",185,27,1,1,"",4,"","60679e79f2b5308270852ade",361,1826,2,"",1,NA,"",NA,4,3,5,2,2,1,3,2,4,2,4,2
"5f5b76c81a328c2a9a84f757",1,"",3,2,2,1,2,2,2,1,3,5,5,4,2,2,3,"",185,34,1,1,"",3,"","5f5b76c81a328c2a9a84f757",362,1127,1,"",1,NA,"",NA,4,3,2,1,2,1,2,2,4,4,5,4
"57fb76a8bd8a970001fde35d",2,"",2,2,2,1,1,1,4,5,5,5,5,5,2,1,7,"Professional Services",185,39,2,1,"",4,"","57fb76a8bd8a970001fde35d",363,2527,1,"",1,NA,"",NA,4,4,4,1,2,2,5,5,5,5,5,5
"5a4c334121bfa00001081a4e",1,"",4,1,3,1,1,1,5,5,2,5,5,4,2,1,4,"",185,53,1,1,"",2,"","5a4c334121bfa00001081a4e",368,3653,1,"",1,NA,"",NA,5,4,4,1,1,1,4,5,5,5,5,4
"5c9b3126a586fd00154d5440",2,"",4,1,1,1,1,1,1,1,1,5,5,5,2,1,4,"",185,32,2,2,"German",4,"","5c9b3126a586fd00154d5440",370,1308,2,"",1,NA,"",NA,5,5,5,4,2,1,1,1,1,5,5,5
"5c362f46aa03c3000163e2d9",2,"",5,5,5,4,1,1,1,4,3,3,2,4,2,1,3,"",185,45,2,1,"",6,"PGCE","5c362f46aa03c3000163e2d9",371,1369,2,"",1,NA,"",NA,4,3,3,3,2,2,1,4,5,3,3,3
"607071110917ce608bb3597e",2,"",4,2,2,1,1,1,4,5,4,5,5,4,2,1,7,"Trading",185,53,1,1,"",4,"","607071110917ce608bb3597e",372,3226,2,"",1,NA,"",NA,4,3,4,2,3,3,5,5,4,4,4,2
"5e3b0defeab8663234a735c0",1,"",3,2,2,1,1,1,4,4,4,5,5,5,2,1,5,"",185,58,1,1,"",2,"","5e3b0defeab8663234a735c0",373,1918,1,"",1,NA,"",NA,4,1,1,1,1,1,1,1,1,5,5,5
"5cb1f692ff629100011b05cf",1,"",3,1,3,2,3,3,5,4,4,5,5,5,2,1,7,"hospitality",185,54,2,1,"",2,"","5cb1f692ff629100011b05cf",376,4261,1,"",1,NA,"",NA,3,2,3,2,3,3,3,3,3,4,5,4
"58970e57b32f650001368f94",1,"",4,2,3,3,3,1,5,5,3,5,5,5,2,1,2,"",185,65,2,1,"",2,"","58970e57b32f650001368f94",377,2253,1,"",1,NA,"",NA,4,3,2,1,4,1,5,5,5,5,5,5
"5ff32b1fb1111683f97a51b1",1,"",5,5,5,4,4,3,1,2,1,5,5,5,2,1,7,"Events",185,20,2,1,"",4,"","5ff32b1fb1111683f97a51b1",380,943,1,"",1,NA,"",NA,4,4,5,4,2,1,2,2,5,5,4,4
"60b0f0950a4ec0e7d36c4229",2,"",3,3,4,2,2,3,3,4,4,4,5,4,2,1,4,"",185,29,1,1,"",6,"College","60b0f0950a4ec0e7d36c4229",381,578,2,"",1,NA,"",NA,3,2,2,2,1,1,3,4,4,4,5,4
"6075cf6a32bc258a1bb6eac8",1,"",2,2,2,2,2,1,2,2,4,5,5,4,1,1,2,"",185,44,2,1,"",4,"","6075cf6a32bc258a1bb6eac8",382,1216,1,"",1,NA,"",NA,4,4,4,1,1,1,3,4,4,5,5,4
"5c7093155ba5060001ce5f1a",1,"",5,5,5,4,3,2,4,5,4,2,2,2,2,1,7,"Arts",185,35,2,1,"",3,"","5c7093155ba5060001ce5f1a",383,5265,1,"",1,NA,"",NA,4,4,4,3,2,2,5,5,5,3,2,2
"5efc91b5d210d904e37b255f",1,"",4,4,4,3,2,2,4,3,4,4,4,4,2,2,3,"",185,41,2,1,"",4,"","5efc91b5d210d904e37b255f",384,1339,1,"",1,NA,"",NA,4,4,3,2,2,2,3,4,4,4,4,3
"5bb7c0a64eae9c0001085b15",2,"",5,4,4,5,5,5,2,4,4,2,5,2,2,1,2,"",185,54,1,1,"",4,"","5bb7c0a64eae9c0001085b15",386,3014,2,"",1,NA,"",NA,5,4,4,4,3,2,5,5,4,3,5,3
"5f25ae44546c5a26eabe8a14",1,"",5,4,4,1,1,1,2,2,4,5,5,5,2,1,4,"",185,25,2,1,"",4,"","5f25ae44546c5a26eabe8a14",387,243,1,"",1,NA,"",NA,5,4,5,1,4,1,4,2,5,5,5,5
"5dcaa42f3f0455772b90edb3",1,"",4,2,4,1,1,1,5,5,5,5,5,5,2,1,7,"photography and videography",185,35,2,1,"",4,"","5dcaa42f3f0455772b90edb3",388,701,1,"",1,NA,"",NA,4,1,2,1,1,1,4,4,5,5,5,3
"5e7de19084be86013c19c6c9",1,"",4,2,2,1,1,1,2,4,2,5,5,5,1,2,2,"",185,50,1,1,"",2,"","5e7de19084be86013c19c6c9",390,8736,1,"",1,NA,"",NA,4,2,2,1,1,1,5,5,5,5,5,4
"5c9bd1c1a586fd00014d5dad",2,"",4,3,3,4,5,2,1,2,2,2,4,2,2,1,4,"",185,53,2,1,"",3,"","5c9bd1c1a586fd00014d5dad",392,4383,2,"",1,NA,"",NA,5,1,4,5,5,5,1,4,2,4,4,2
"5e9ac9f33b6f7d000bd35e8c",1,"",4,4,4,4,4,4,3,3,5,4,3,3,2,1,7,"retail",185,45,2,2,"russian",4,"","5e9ac9f33b6f7d000bd35e8c",393,974,1,"",1,NA,"",NA,5,5,5,5,4,4,3,3,4,4,2,3
"60b3a4a2da99cec56c93cc61",2,"",4,3,3,2,4,1,5,4,4,3,5,4,2,1,1,"",185,21,1,1,"",4,"","60b3a4a2da99cec56c93cc61",395,1492,2,"",1,NA,"",NA,2,3,3,2,4,3,3,2,3,4,5,4
"5d7a1fce27fb8a000196993e",1,"",2,1,2,1,1,1,2,2,3,3,5,3,2,1,2,"",185,45,1,1,"",4,"","5d7a1fce27fb8a000196993e",396,2922,1,"",1,NA,"",NA,1,1,1,1,2,1,4,4,5,4,5,4
"60a7fc9f2e6ed59cd491d117",2,"",3,2,4,2,3,2,2,3,2,4,4,3,2,1,4,"",185,20,2,1,"",3,"","60a7fc9f2e6ed59cd491d117",397,182,2,"",1,NA,"",NA,4,4,5,4,4,1,2,1,1,4,4,3
"6072f8908ca848cb61dcce5d",2,"",4,2,2,1,1,1,2,4,4,5,5,5,2,1,4,"",185,26,2,1,"",4,"","6072f8908ca848cb61dcce5d",398,365,2,"",1,NA,"",NA,5,2,3,1,1,1,2,3,5,5,5,5
"606d9d5f81db20f2025776a5",2,"",3,2,2,2,1,1,2,2,3,5,5,5,2,1,1,"",185,23,1,1,"",3,"","606d9d5f81db20f2025776a5",399,396,2,"",1,NA,"",NA,2,4,4,2,2,2,4,2,2,4,4,4
"5ea6f14cf0ff0709b0331957",2,"",4,3,2,4,2,2,5,5,4,4,4,3,2,1,3,"",185,25,2,1,"",4,"","5ea6f14cf0ff0709b0331957",400,1035,2,"",1,NA,"",NA,4,2,4,2,1,1,4,5,5,4,5,2
"5f2022e9b0c712068b39881d",1,"",2,3,4,2,2,2,3,4,4,3,4,4,1,1,6,"",185,44,1,1,"",3,"","5f2022e9b0c712068b39881d",401,2039,1,"",1,NA,"",NA,4,4,4,3,2,2,2,4,4,3,3,4
"5bfac2001cd5430001fc7aa1",2,"",4,3,2,4,2,1,3,1,2,5,5,4,2,2,1,"",185,23,1,1,"",4,"","5bfac2001cd5430001fc7aa1",403,2649,2,"",1,NA,"",NA,2,1,1,2,2,1,2,4,3,4,5,2
"60394fde95a5a03dcc668c4b",1,"",4,4,4,1,1,1,5,4,4,4,4,4,1,1,3,"",185,27,2,1,"",4,"","60394fde95a5a03dcc668c4b",404,1704,2,"",1,NA,"",NA,2,1,1,1,1,1,3,2,2,5,5,5
"5bad16bfd0e97100013f49ad",1,"",4,1,3,4,2,1,5,5,5,5,5,4,1,2,7,"Fine art restoration",185,47,1,1,"",5,"","5bad16bfd0e97100013f49ad",406,7032,1,"",1,NA,"",NA,5,4,5,3,3,2,5,5,5,3,3,3
"5f10cd0c754b8215375f280e",2,"",2,1,2,2,2,1,2,4,4,4,5,4,2,1,3,"",185,41,2,1,"",4,"","5f10cd0c754b8215375f280e",408,3623,2,"",1,NA,"",NA,4,2,2,2,3,1,2,2,4,4,4,4
"5ea980e8a5e7d908472c2fb0",2,"",4,1,3,1,1,1,2,4,4,5,5,5,2,1,3,"",185,30,1,1,"",4,"","5ea980e8a5e7d908472c2fb0",412,517,1,"",1,NA,"",NA,5,5,3,1,1,1,2,4,5,5,5,5
"5f78bc3b76442d48e213c868",2,"",3,3,3,4,3,3,3,4,4,3,3,3,2,1,3,"",185,30,2,1,"",4,"","5f78bc3b76442d48e213c868",413,151,2,"",1,NA,"",NA,3,3,4,4,4,4,2,5,4,3,4,2
"5a496776f7b7bc00014e1150",1,"",3,2,2,2,4,2,3,5,5,4,5,4,2,1,7,"counselling",185,65,2,1,"",4,"","5a496776f7b7bc00014e1150",418,5540,1,"",1,NA,"",NA,3,1,3,4,5,2,3,5,5,5,5,4
"5fa5c9d4043d821639815eeb",2,"",3,2,3,1,2,1,5,3,3,3,4,3,2,1,7,"Handmade craft",185,27,2,1,"",3,"","5fa5c9d4043d821639815eeb",420,426,2,"",1,NA,"",NA,5,2,4,4,3,3,4,3,3,3,4,3
"5e852ca6fdad8f11511558a1",1,"",3,4,5,3,2,1,4,5,5,5,5,5,2,1,4,"",185,35,2,2,"Russian",3,"","5e852ca6fdad8f11511558a1",421,31,2,"",1,NA,"",NA,5,5,5,1,2,1,5,4,5,5,5,5
"604a06acf362ce3bbf7b5106",2,"",5,2,2,3,4,2,5,5,5,5,4,4,1,2,4,"",185,29,1,1,"",4,"","604a06acf362ce3bbf7b5106",424,1492,2,"",1,NA,"",NA,4,2,4,3,3,2,4,5,5,4,5,4
"5e55385c54a6e7538c5bb520",1,"",3,4,4,1,1,1,3,2,2,5,5,5,2,1,7,"Arts",185,23,2,1,"",4,"","5e55385c54a6e7538c5bb520",430,882,1,"",1,NA,"",NA,4,5,5,2,3,1,2,3,3,4,5,5
"606f3f493aaf55785016c33c",1,"",4,4,3,1,1,1,2,2,3,3,5,3,2,1,1,"",185,31,1,2,"Polish",4,"","606f3f493aaf55785016c33c",431,1461,1,"",1,NA,"",NA,4,4,3,4,4,4,3,4,4,4,4,2
"5af6e439672ea800010d4e92",1,"",4,3,3,1,1,1,4,4,5,5,5,4,1,2,5,"",185,48,1,1,"",5,"","5af6e439672ea800010d4e92",433,4261,1,"",1,NA,"",NA,4,1,1,3,1,1,2,1,3,5,5,4
"54cc8b23fdf99b28036e2467",1,"",1,1,1,1,1,1,4,4,4,5,5,4,2,1,4,"",185,45,2,1,"",4,"","54cc8b23fdf99b28036e2467",434,4718,2,"",1,NA,"",NA,4,2,2,1,1,1,4,4,4,5,4,5
"5b04a22ea496b300013d9409",2,"",2,2,3,1,1,1,4,2,5,4,5,4,2,1,7,"Entertainment and Arts",185,34,2,2,"French",4,"","5b04a22ea496b300013d9409",436,2435,2,"",1,NA,"",NA,3,3,4,1,1,1,5,3,5,4,5,4
"5f1adce0f8b30e24d3357956",1,"",5,3,5,2,2,2,4,2,4,4,4,4,2,1,3,"",185,42,2,1,"",4,"","5f1adce0f8b30e24d3357956",437,1978,1,"",1,NA,"",NA,5,3,4,4,1,1,4,4,5,3,4,4
"5e5da071a983550c8253c97e",2,"",4,2,5,1,1,1,4,3,3,5,4,4,2,2,7,"Sports Coaching",185,36,2,1,"",4,"","5e5da071a983550c8253c97e",439,517,2,"",1,NA,"",NA,2,1,2,1,1,1,3,1,1,4,5,4
"5ff57133a4d824d6e794ab48",2,"",4,3,3,3,2,1,2,3,2,5,4,5,2,1,2,"",185,42,1,1,"",3,"","5ff57133a4d824d6e794ab48",441,2009,1,"",1,NA,"",NA,4,3,3,1,1,1,5,5,5,5,5,5
"5a136e2a7ecfc50001be1e04",2,"",4,2,2,1,1,1,5,4,4,4,5,4,2,1,7,"Wellbeing",185,37,2,1,"",3,"","5a136e2a7ecfc50001be1e04",442,426,1,"",1,NA,"",NA,2,1,2,1,1,1,5,1,5,5,5,5
"602da4b0977e1185851058c3",2,"",4,2,2,4,4,4,2,2,2,4,5,4,2,2,3,"",185,41,2,1,"",4,"","602da4b0977e1185851058c3",445,1461,2,"",1,NA,"",NA,4,2,2,4,3,3,4,1,1,4,5,4
"5e6003da868950348ea8cdec",1,"",5,3,3,1,1,1,5,5,5,5,5,4,2,1,4,"",185,40,1,1,"",2,"","5e6003da868950348ea8cdec",446,4018,1,"",1,NA,"",NA,5,3,4,1,1,1,5,5,5,5,5,4
"5ec03e8e7f33430fc96f8779",1,"",1,1,1,1,1,1,5,4,5,5,5,5,1,1,3,"",185,40,2,1,"",4,"","5ec03e8e7f33430fc96f8779",447,1339,1,"",1,NA,"",NA,4,2,4,1,2,1,5,1,4,5,5,4
"5a031384fe645f0001e9ea24",1,"",4,3,4,2,1,1,4,4,5,4,5,4,2,2,6,"",185,58,1,1,"",4,"","5a031384fe645f0001e9ea24",448,396,1,"",1,NA,"",NA,4,4,4,2,1,1,3,4,4,3,4,3
"59561e8bbc4d1c00015c613e",2,"",4,2,2,2,2,2,4,4,4,4,4,4,2,2,3,"",185,53,1,1,"",4,"","59561e8bbc4d1c00015c613e",450,4049,2,"",1,NA,"",NA,4,2,3,2,2,2,4,4,4,4,4,4
"594ea461c6a70f00010aaa8d",1,"",3,2,2,1,2,1,3,3,3,4,5,4,1,2,7,"Tourism",185,53,2,1,"",4,"","594ea461c6a70f00010aaa8d",451,3348,2,"",1,NA,"",NA,2,2,2,2,2,2,3,4,3,4,4,4
"5c56550e54f9d30001db7f50",1,"",1,1,1,1,1,1,1,2,1,5,5,5,2,1,1,"",185,34,1,1,"",4,"","5c56550e54f9d30001db7f50",452,4230,1,"",1,NA,"",NA,2,1,1,1,4,1,2,2,2,4,4,3
"5f8aa207fb62d0000838847c",1,"",3,2,2,1,1,1,3,3,3,5,5,4,2,1,3,"",185,44,1,1,"",4,"","5f8aa207fb62d0000838847c",453,2070,1,"",1,NA,"",NA,3,3,4,3,3,3,3,3,3,3,3,3
"609d423212fe864c8c64e472",2,"",3,1,2,2,2,1,2,3,2,3,5,4,2,1,7,"Hospitality",185,53,1,1,"",4,"","609d423212fe864c8c64e472",454,11201,1,"",1,NA,"",NA,2,4,4,2,2,2,5,5,5,3,5,4
"5eccd444d068808c695c2ea5",1,"",5,4,5,1,1,1,5,5,5,2,2,3,2,1,1,"",185,37,1,2,"TURKISH",6,"MASTERS DEGREE","5eccd444d068808c695c2ea5",456,4656,2,"",1,NA,"",NA,4,5,5,2,3,3,3,3,5,3,2,2
"5f8d8af5eadf4d08f6c460f3",1,"",3,3,4,1,2,1,4,4,3,4,4,3,2,1,1,"",185,36,1,1,"",3,"","5f8d8af5eadf4d08f6c460f3",458,13180,1,"",1,NA,"",NA,5,4,4,1,2,2,3,2,4,5,5,4
"59142b45ef024b0001c54c33",1,"",2,1,1,1,1,1,2,2,4,5,5,4,2,1,3,"",185,41,2,1,"",4,"","59142b45ef024b0001c54c33",459,4748,1,"",1,NA,"",NA,4,2,4,4,2,2,4,5,4,4,4,3
"5db07d0f3b276c00161dc217",1,"",3,2,3,1,1,1,5,5,5,5,5,5,2,1,1,"",185,29,1,1,"",4,"","5db07d0f3b276c00161dc217",461,851,1,"",1,NA,"",NA,2,2,2,2,2,2,4,4,4,5,5,5
"6022b0de6c4c7f02da8bb9e4",1,"",1,1,1,2,2,1,2,1,5,5,3,5,2,1,7,"Courier and delivery",185,25,1,1,"",4,"","6022b0de6c4c7f02da8bb9e4",462,1127,1,"",1,NA,"",NA,4,1,2,3,3,2,1,1,1,4,5,2
"5c60adb9c9735b00010d0d1b",1,"",3,4,4,1,1,1,5,5,5,5,5,5,2,1,3,"",185,39,2,1,"",4,"","5c60adb9c9735b00010d0d1b",463,1400,1,"",1,NA,"",NA,4,4,4,3,1,1,5,5,5,5,5,4
"5ea03a16920135000cca59f7",1,"",4,4,4,1,1,1,4,4,5,4,5,4,1,1,3,"",185,51,2,1,"",4,"","5ea03a16920135000cca59f7",464,2039,1,"",1,NA,"",NA,4,4,4,2,1,1,5,5,5,4,4,4
"5e9027110aacc7320bd9a84b",1,"",4,4,5,2,2,1,4,4,3,4,5,3,2,1,1,"",185,64,2,1,"",4,"","5e9027110aacc7320bd9a84b",465,8552,1,"",1,NA,"",NA,4,3,4,4,4,1,2,3,2,4,4,3
"6064e1c6937a1522e2291eb0",2,"",3,4,4,1,1,1,4,3,4,5,5,5,2,1,4,"",185,33,1,2,"Greek",4,"","6064e1c6937a1522e2291eb0",466,1004,2,"",1,NA,"",NA,2,2,2,1,2,1,5,2,4,5,5,5
"60a2f80388da8582bf12995f",2,"",5,2,4,4,4,2,2,4,5,4,1,4,2,1,3,"",185,36,1,1,"",4,"","60a2f80388da8582bf12995f",468,457,2,"",1,NA,"",NA,5,4,4,4,3,2,2,4,4,4,4,2
"6094cc2deb3209eb991a7a3f",1,"",5,4,4,1,1,1,4,4,3,2,5,4,2,1,6,"",185,44,1,1,"",4,"","6094cc2deb3209eb991a7a3f",469,61,1,"",1,NA,"",NA,4,4,5,2,2,2,4,4,2,3,4,3
"5f0ddc22e8572609f83725d4",1,"",5,5,5,1,2,1,4,4,5,3,4,4,2,1,7,"Arts/Entertainment",185,33,1,1,"",4,"","5f0ddc22e8572609f83725d4",470,1035,1,"",1,NA,"",NA,5,5,5,2,2,2,4,2,5,4,5,4
